1,2,3,4,5,6,Y
-0.499,-0.472,-0.478,-0.465,-0.295,-0.444,0
-0.499,-0.472,-0.478,-0.465,-0.285,-0.444,0
-0.499,-0.472,-0.478,-0.465,-0.268,-0.444,0
-0.499,-0.472,-0.478,-0.465,-0.268,-0.394,0
-0.499,-0.472,-0.478,-0.465,-0.258,-0.444,0
-0.499,-0.472,-0.478,-0.465,-0.258,-0.394,0
-0.499,-0.472,-0.478,-0.465,-0.258,-0.378,0
-0.499,-0.472,-0.478,-0.465,-0.258,-0.371,0
-0.499,-0.472,-0.478,-0.465,-0.247,-0.444,0
-0.499,-0.472,-0.478,-0.465,-0.247,-0.394,0
-0.499,-0.472,-0.478,-0.465,-0.247,-0.378,0
-0.499,-0.472,-0.478,-0.465,-0.247,-0.371,0
-0.499,-0.472,-0.478,-0.465,-0.242,-0.444,0
-0.499,-0.472,-0.478,-0.465,-0.242,-0.394,0
-0.499,-0.472,-0.478,-0.465,-0.242,-0.378,0
-0.499,-0.472,-0.478,-0.465,-0.242,-0.371,0
-0.499,-0.472,-0.478,-0.465,-0.223,-0.444,0
-0.499,-0.472,-0.478,-0.465,-0.223,-0.394,0
-0.499,-0.472,-0.478,-0.465,-0.223,-0.378,0
-0.499,-0.472,-0.478,-0.465,-0.223,-0.371,0
-0.499,-0.472,-0.478,-0.465,-0.223,-0.327,0
-0.499,-0.472,-0.478,-0.465,-0.152,-0.444,0
-0.499,-0.472,-0.478,-0.465,-0.152,-0.394,0
-0.499,-0.472,-0.478,-0.465,-0.152,-0.378,0
-0.499,-0.472,-0.478,-0.465,-0.152,-0.371,0
-0.377,-0.158,0.035,0.172,0.228,0.479,0
-0.377,-0.158,0.035,0.172,0.228,0.483,0
-0.493,-0.493,-0.476,-0.46,-0.425,-0.418, 0
-0.493,-0.493,-0.476,-0.46,-0.425,-0.398, 0
-0.493,-0.493,-0.476,-0.46,-0.425,-0.39,0
-0.493,-0.493,-0.476,-0.46,-0.425,-0.341,0
-0.493,-0.493,-0.476,-0.46,-0.425,-0.279,0
-0.493,-0.493,-0.476,-0.46,-0.425,-0.14,0
-0.493,-0.493,-0.476,-0.46,-0.425,-0.124,0
-0.493,-0.493,-0.476,-0.46,-0.425,-0.114,0
-0.493,-0.493,-0.476,-0.46,-0.425,-0.086,0
-0.493,-0.493,-0.476,-0.46,-0.425,-0.071,0
-0.493,-0.493,-0.476,-0.46,-0.425,-0.033,0
-0.493,-0.493,-0.476,-0.46,-0.425,-0.024,0
0.319,0.965,-1.811,-0.297,1.77,-1.706,0
1.323,1.688,1.168,0.337,-1.753,1.268,0
0.319,0.203,-1.731,0.633,-0.727,-1.706,0
-2.224,1.688,-1.731,1.33,0.387,1.268,0
0.764,-0.744,0.397,1.492,-0.21,1.268,0
-0.539,1.331,-1.645,2.0,-0.727,-1.706,0
1.97,0.965,-0.886,1.149,0.705,-0.361,0
0.319,1.331,0.397,1.607,-0.638,-1.995,0
0.319,1.331,-1.811,0.337,0.705,-1.71,0
-2.224,0.289,-0.886,1.33,0.705,-1.253,0
1.97,1.331,-1.811,2.0,1.833,-0.74,0
-0.586,-0.897,-1.645,-1.354,0.387,-1.469,0
0.269,-0.053,-0.886,0.348,-0.21,-0.361,0
-0.539,-0.744,-1.645,-1.354,-0.727,0.622,0
1.323,1.331,-1.652,-0.049,-1.753,-1.469,0
-0.539,1.331,-1.518,-0.4,-0.638,-1.995,0
-2.224,1.331,0.397,1.149,-0.638,-1.995,0
-0.539,1.099,-1.518,0.337,-0.638,0.622,0
0.764,0.965,-1.811,-0.049,0.966,1.268,0
1.97,0.289,-1.811,1.668,-0.439,-1.253,0
-2.224,0.289,-1.811,-0.049,0.804,-1.469,0
-0.539,1.331,-1.645,2.0,-0.638,-1.995,0
0.319,-2.111,1.037,1.219,0.966,-2.011,0
0.319,-0.744,0.606,1.607,1.77,-0.361,0
0.764,0.203,-1.518,1.012,-0.727,-0.361,0
1.323,0.965,0.606,-0.4,-0.897,-1.995,0
-0.539,1.379,-1.518,-0.4,0.705,-1.995,0
0.764,0.289,-1.652,-0.297,-1.476,1.88,0
0.829,1.331,-1.518,1.219,-1.709,-1.475,0
-0.539,1.099,0.397,1.607,1.77,-1.706,0
0.269,0.423,-1.518,-1.728,-1.753,-1.253,0
-2.224,0.5,-1.811,-1.393,-1.753,-2.011,0
0.764,-0.744,1.168,2.0,0.387,0.622,0
0.764,0.965,-1.518,-0.297,0.705,1.268,0
-0.539,-2.111,1.037,1.269,-0.21,1.301,0
-2.224,-0.744,-1.752,1.33,-1.476,-1.706,0
1.97,0.423,-1.811,1.269,-1.753,-1.995,0
1.97,0.667,0.489,1.012,0.387,-1.995,0
-0.586,-0.744,0.606,-0.297,-0.897,-1.475,0
-0.586,0.965,-1.811,0.337,-0.638,-1.706,0
0.319,-0.053,-1.752,-1.393,1.833,-2.011,0
-2.224,-0.897,-1.518,-1.354,0.966,-1.253,0
0.764,-0.897,-0.886,1.607,-1.753,1.301,0
-0.539,0.965,-1.752,-1.393,-0.439,-1.475,0
1.97,-0.897,-1.518,1.492,-0.897,-1.71,0
0.319,-0.744,0.397,0.337,-1.814,0.622,0
-0.586,-0.897,-1.652,1.149,-0.727,-1.71,0
-2.224,-0.744,-1.518,1.33,-1.753,-0.74,0
0.269,0.965,-1.731,2.0,-1.709,-1.706,0
-2.224,1.379,-1.731,1.492,-1.814,1.88,0
0.319,1.379,0.606,-0.43,0.804,-1.71,0
0.829,-0.053,1.037,1.012,-1.814,-1.71,0
-0.586,-0.744,0.397,-1.728,-0.21,-0.74,0
0.764,1.688,-1.811,-0.4,-1.814,-2.011,0
-0.586,-2.111,0.489,1.492,1.833,0.622,0
0.269,-0.897,0.397,0.337,0.966,-1.706,0
0.764,1.331,0.397,0.342,-0.638,-1.995,0
-2.224,0.289,1.037,0.342,-0.21,0.622,0
0.764,-0.744,-1.645,-0.43,1.77,-1.469,0
0.829,-2.111,0.397,1.668,-1.753,1.301,0
0.269,1.331,1.168,0.342,-0.439,-1.475,0
0.829,-2.111,-1.731,2.0,0.705,1.88,0
0.764,0.289,1.037,-1.354,0.966,-1.469,0
0.319,0.667,1.037,2.0,-1.814,1.301,0
0.829,1.379,-1.731,2.0,0.705,-1.706,0
0.319,-0.897,-1.645,2.0,-1.476,1.268,0
1.323,0.203,-1.518,0.633,0.387,-2.011,0
-0.539,-0.744,-1.752,-0.861,1.77,-1.706,0
-0.586,0.5,-1.645,1.219,-0.21,1.301,0
-2.224,-0.897,-1.752,0.215,0.804,1.268,0
-2.224,0.203,-1.752,2.0,-1.476,0.622,0
0.319,-0.744,-1.645,1.33,0.804,-1.706,0
0.829,0.667,-1.811,0.633,-0.897,-1.71,0
-0.586,0.289,0.397,1.33,0.804,0.622,0
0.319,0.667,-1.752,-0.049,-0.727,-1.475,0
0.829,0.289,-1.752,0.348,-1.753,-0.361,0
0.829,-2.111,-1.731,1.269,0.804,-0.361,0
0.829,0.203,-1.645,-1.393,0.966,-1.71,0
0.829,0.5,1.037,-1.728,-1.709,-0.74,0
-0.539,0.5,1.037,-1.728,1.833,-0.361,0
0.269,-2.111,-1.731,-0.297,0.966,-0.361,0
1.323,0.667,-1.652,1.219,-0.897,-0.361,0
1.323,1.331,1.037,1.012,-1.814,-1.475,0
-2.224,1.379,0.397,1.33,0.804,-1.995,0
0.319,-2.111,1.168,-1.393,0.705,-1.469,0
1.97,0.965,-1.731,1.668,1.77,0.622,0
1.323,1.099,-1.731,0.215,0.387,-1.469,0
-0.539,0.667,-1.645,1.492,-0.439,-2.011,0
-2.224,1.331,-1.518,-0.861,-0.727,-0.74,0
0.764,1.331,-1.645,-1.354,1.77,-1.71,0
-0.539,1.331,-1.645,0.342,0.387,-0.74,0
-0.539,-0.744,1.037,1.33,1.77,-1.253,0
1.323,0.5,-1.811,-0.861,-1.753,-0.74,0
0.764,0.667,1.037,0.633,0.705,-1.469,0
-0.539,0.203,-1.645,-0.4,-0.897,-1.706,0
-0.586,1.331,-1.731,0.342,-1.814,-1.475,0
0.764,0.423,0.606,0.337,0.966,-1.475,0
0.829,1.379,0.397,1.492,-0.638,-1.469,0
-0.539,-2.111,-1.518,0.342,-0.897,1.268,0
-2.224,-0.744,-1.652,-0.861,0.804,1.88,0
1.97,0.423,0.489,1.607,0.705,-2.011,0
0.829,1.379,-1.645,0.215,0.966,-1.469,0
-0.539,1.379,-1.731,1.149,0.387,-0.74,0
0.319,-2.111,0.606,-1.393,-0.21,-1.71,0
1.323,1.688,0.606,-0.4,-1.476,-0.361,0
-0.586,1.688,-1.731,-0.049,1.833,-1.706,0
0.269,1.099,-0.886,2.0,-0.21,0.622,0
1.97,-0.744,-1.652,1.219,-0.727,-0.74,0
1.97,-0.897,0.489,1.012,-0.21,-1.71,0
-0.539,-0.053,-1.645,-1.393,0.705,-2.011,0
-2.224,0.5,-1.518,1.012,-0.727,-1.995,0
1.97,0.965,-1.811,1.668,-1.476,1.88,0
-2.224,-0.744,-1.731,1.33,-0.897,1.301,0
-0.539,0.203,-1.731,1.492,0.387,-1.995,0
0.764,0.423,-1.518,-0.297,-0.21,-2.011,0
-0.586,1.379,1.168,1.149,0.966,0.622,0
0.269,1.688,1.168,0.633,1.833,-1.706,0
0.764,0.965,-1.752,1.269,-0.638,-1.71,0
0.319,0.203,1.037,0.342,1.77,-1.995,0
0.319,-2.111,-1.731,0.633,-0.638,-2.011,0
0.764,0.667,-1.518,-0.861,-0.897,1.88,0
0.269,0.5,-0.886,-0.861,-0.897,-0.361,0
0.319,0.423,1.037,-1.354,-1.709,-1.469,0
0.319,1.379,0.397,-1.393,-1.814,-1.469,0
-0.539,-0.897,0.489,1.012,-1.476,-1.469,0
-2.224,1.099,-1.811,-1.393,0.966,-2.011,0
0.764,0.423,-1.731,2.0,-0.439,-0.361,0
1.97,-2.111,-1.652,-0.049,-0.21,-1.469,0
0.319,1.331,1.037,2.0,-1.476,1.268,0
0.269,0.289,-0.886,-0.049,0.966,1.301,0
0.319,0.423,-0.886,0.337,-0.727,-1.995,0
0.829,0.423,-1.645,1.33,-1.753,-1.475,0
1.323,-2.111,0.489,-1.354,1.833,-1.995,0
-0.586,-0.897,1.168,1.149,-1.753,-1.469,0
0.269,-0.744,-1.752,-0.297,-0.439,-1.469,0
0.764,1.331,-1.731,1.607,0.966,-1.706,0
-0.586,1.331,-1.811,1.668,-1.476,1.301,0
0.269,-0.897,0.397,0.348,0.387,-1.995,0
-0.586,-0.897,0.606,0.215,-0.897,-1.995,0
-0.539,-0.744,1.168,1.607,0.705,1.88,0
-2.224,-2.111,1.168,1.492,0.966,1.301,0
-0.586,-2.111,0.489,-0.297,-0.21,-1.706,0
-0.586,1.379,-1.752,0.215,-0.727,-1.253,0
-0.539,-0.053,-1.645,1.33,0.705,1.301,0
-0.539,0.203,-1.731,0.342,-0.439,1.88,0
-0.586,1.379,-1.645,0.337,1.77,1.88,0
1.323,-0.053,1.168,1.668,1.833,-0.74,0
1.323,0.423,1.037,1.269,-0.638,-1.253,0
1.323,0.289,0.606,0.342,0.804,-1.71,0
0.829,-0.897,0.489,0.337,1.833,-1.706,0
-2.224,0.423,-1.645,-1.393,1.833,-1.469,0
-0.539,0.965,-1.645,-0.049,0.966,0.622,0
-0.586,0.289,-1.518,0.337,1.77,-1.71,0
-0.586,0.289,-0.886,0.337,0.804,-0.361,0
-0.539,0.965,-1.518,1.219,0.705,1.268,0
-0.586,0.5,0.489,-0.861,1.77,-1.706,0
0.269,-2.111,0.397,0.348,1.77,1.268,0
0.269,0.423,1.168,1.219,-1.814,1.268,0
1.323,0.5,0.397,1.219,-1.476,1.268,0
-0.539,-2.111,-1.645,-0.297,-1.709,1.88,0
1.97,-2.111,1.037,2.0,-0.439,-1.253,0
-0.586,-0.897,-1.645,1.269,-1.814,1.301,0
1.323,-0.053,-0.886,1.012,-0.21,-1.995,0
-0.539,0.423,-1.652,-0.4,-1.753,-2.011,0
0.269,-0.053,-1.645,1.149,1.833,-1.475,0
0.764,1.099,0.606,1.607,-0.21,-1.469,0
1.97,1.688,0.489,1.269,-0.439,-1.475,0
-0.539,0.203,-1.518,0.633,0.804,-1.253,0
-0.539,1.331,0.606,0.342,0.966,1.301,0
0.829,1.688,0.606,1.012,-1.753,0.622,0
-2.224,0.289,-1.652,0.633,-1.753,-2.011,0
-2.224,0.423,0.489,-1.728,0.387,-2.011,0
0.269,0.203,1.037,0.348,-1.709,-1.253,0
1.323,1.331,0.606,-1.354,-1.476,1.88,0
-0.539,-0.897,-0.886,0.215,0.387,-1.475,0
0.829,0.203,-0.886,1.607,-1.476,1.88,0
-0.586,-0.897,0.489,0.342,0.387,-1.706,0
-0.539,0.423,0.489,1.607,-0.638,-0.74,0
1.323,-0.053,1.037,0.337,1.833,-2.011,0
-2.224,0.5,1.168,1.33,-1.753,1.268,0
0.829,-0.897,-1.645,1.149,-0.897,1.268,0
1.97,-0.897,0.397,1.607,-0.727,0.622,0
1.323,0.5,0.606,-0.4,0.804,-1.995,0
0.319,0.423,-1.652,-0.43,0.387,-1.253,0
0.269,0.667,1.037,1.012,-0.727,-1.475,0
-0.539,0.423,-1.752,1.012,-1.476,1.301,0
1.323,0.5,-1.518,1.492,-1.476,-1.253,0
0.829,1.331,-0.886,1.012,-0.638,-2.011,0
0.764,1.379,0.397,0.633,0.966,1.88,0
0.269,-0.744,-1.752,0.348,-0.638,-1.71,0
1.323,1.379,-1.731,-0.4,0.804,0.622,0
-2.224,0.667,0.397,1.668,-0.638,1.268,0
0.764,0.423,-1.811,0.215,1.833,-1.71,0
-2.224,0.423,-1.752,-0.861,0.705,1.301,0
1.323,-2.111,0.397,0.633,-1.709,-1.995,0
-0.586,1.688,-1.731,1.492,-1.753,0.622,0
1.323,0.667,1.168,-1.393,-1.476,0.622,0
0.764,1.099,-1.752,1.012,-1.814,1.268,0
0.764,0.423,-1.811,0.337,-1.709,-0.74,0
-2.224,-2.111,-1.652,1.33,0.705,1.88,0
1.323,-0.897,0.606,1.492,-1.476,-0.74,0
-0.539,0.423,0.489,-1.354,-0.638,-1.706,0
0.764,-0.744,-1.518,1.269,-1.709,-1.253,0
0.269,0.203,-1.811,0.633,-1.814,-1.706,0
0.764,-0.053,1.037,0.215,-0.897,-1.469,0
0.319,0.289,-1.652,0.633,-0.21,-1.475,0
0.829,0.423,1.037,-0.43,0.804,-1.71,0
0.764,1.688,-1.652,0.342,-1.753,1.88,0
0.829,1.331,-1.731,1.607,-1.709,-0.74,0
1.323,1.688,-1.652,-0.297,-1.814,1.301,0
0.829,-0.897,1.168,-0.297,0.966,-0.361,0
1.97,1.688,-1.752,1.668,-1.753,1.301,0
0.269,1.688,-1.652,1.219,0.705,-1.995,0
-0.586,0.965,0.489,1.607,-1.814,1.88,0
-2.224,0.965,-1.752,0.215,-1.753,-1.71,0
0.319,0.5,1.037,0.633,-0.439,1.268,0
-0.539,0.203,-1.731,-0.43,-0.439,-1.253,0
1.97,0.965,-0.886,-0.4,-0.727,-1.475,0
0.319,1.688,1.168,1.219,-1.814,-1.995,0
-2.224,-0.897,0.606,1.269,-1.476,1.301,0
-0.586,0.965,-0.886,1.492,1.77,-0.74,0
0.764,1.379,-1.752,1.219,-0.439,0.622,0
1.97,0.203,-1.652,1.668,1.77,-1.706,0
1.97,1.331,-1.518,1.33,-0.638,1.88,0
0.829,1.379,1.037,-0.049,0.705,-1.71,0
1.323,-0.744,-0.886,-0.4,0.804,1.301,0
-0.586,-0.744,-1.652,-0.297,-1.753,-1.71,0
0.764,1.688,-1.811,2.0,1.833,-1.71,0
0.764,-0.053,0.606,-0.049,0.804,1.301,0
0.319,1.379,-1.518,-0.43,0.966,-0.74,0
-0.539,1.688,-1.752,1.492,0.705,1.301,0
1.97,-0.897,0.606,2.0,0.705,-2.011,0
-0.586,0.667,-1.652,2.0,-1.476,-1.475,0
0.269,0.965,0.397,-0.4,-1.753,-1.253,0
0.764,-0.053,-1.518,0.215,0.804,1.268,0
-0.539,0.965,1.168,1.012,-1.476,-0.361,0
-0.586,0.203,0.489,1.668,0.966,-0.74,0
1.97,0.289,-1.731,1.33,0.705,-1.71,0
0.269,0.203,-1.518,-0.4,-0.638,-2.011,0
-0.586,1.331,-1.652,0.633,0.804,-2.011,0
-0.539,0.289,-0.886,1.012,1.77,-1.706,0
-0.586,-0.744,-1.652,1.219,-1.476,1.88,0
-0.539,1.379,-1.811,-1.393,1.77,-1.71,0
1.97,-2.111,-1.731,1.269,-0.21,-1.995,0
0.829,0.289,1.168,-0.297,1.77,1.88,0
1.323,0.5,-1.752,0.342,-0.897,1.268,0
0.319,1.099,1.037,1.269,0.705,-2.011,0
0.269,0.667,0.489,2.0,1.77,-1.469,0
-2.224,-0.053,-0.886,1.668,0.966,-0.361,0
0.269,1.331,0.397,0.342,-0.897,1.88,0
1.97,-2.111,0.606,1.269,-0.638,-1.475,0
0.319,-0.744,1.037,-1.354,-1.476,-1.706,0
0.764,1.688,1.168,1.668,-1.476,-0.74,0
0.764,-0.053,-1.731,0.337,0.966,1.268,0
-2.224,1.379,-1.652,0.337,1.833,1.268,0
0.764,-0.053,-1.752,-1.354,1.833,-1.253,0
1.323,1.331,1.037,0.348,-0.21,-2.011,0
0.319,0.423,-1.731,0.337,0.387,-1.706,0
0.319,1.379,-1.518,-0.4,-1.476,-0.74,0
-0.539,0.965,1.037,-0.43,-1.709,-1.475,0
0.829,0.423,1.037,1.149,-0.727,1.88,0
0.764,-0.897,-1.811,1.012,1.833,-1.253,0
-2.224,0.203,-0.886,1.33,-0.21,-0.361,0
0.829,1.688,-0.886,2.0,-1.709,1.268,0
0.764,1.331,-1.652,2.0,1.833,-1.469,0
-0.586,-2.111,0.606,1.33,1.77,1.88,0
-0.586,1.688,-0.886,1.492,-0.21,1.88,0
0.319,-0.897,1.037,1.012,0.387,1.268,0
0.319,1.331,1.037,1.607,0.804,-1.995,0
0.764,1.331,0.397,0.342,0.966,-2.011,0
0.319,0.289,-1.752,1.269,-0.897,-0.361,0
0.319,1.099,0.489,-1.354,-1.814,0.622,0
0.764,1.379,1.168,1.668,-0.727,-1.475,0
-0.539,0.203,-1.731,1.269,-1.814,1.88,0
1.323,-0.053,0.489,-0.43,1.77,0.622,0
-2.224,0.423,0.397,-0.297,-1.753,1.88,0
1.97,1.099,0.397,1.269,-1.476,0.622,0
0.829,1.379,-0.886,-0.4,-1.814,1.301,0
-0.586,1.379,-0.886,-0.861,-1.476,-1.469,0
-0.539,-0.897,1.037,-0.43,1.77,-1.469,0
0.829,1.331,-1.811,-1.393,0.966,0.622,0
0.764,-0.053,1.168,-0.297,1.77,-1.71,0
1.97,-0.053,-1.518,1.33,0.966,-1.71,0
0.319,-2.111,-0.886,0.348,0.804,-1.475,0
1.97,0.5,-1.645,1.012,-0.727,1.268,0
1.97,-2.111,-1.652,-1.393,-1.476,0.622,0
0.764,1.688,-1.811,-1.354,-1.709,0.622,0
1.323,-0.053,-1.645,2.0,-1.709,0.622,0
1.323,0.667,-1.652,-0.43,-1.753,1.88,0
1.323,1.688,0.489,1.607,1.77,1.268,0
0.319,0.667,-1.645,-0.4,1.833,-1.253,0
-0.539,-0.053,0.397,0.215,1.833,-2.011,0
0.829,1.379,0.489,-0.297,1.833,-1.706,0
0.269,0.289,1.037,-0.4,-0.638,-1.995,0
-0.539,0.289,0.489,-1.354,1.833,1.268,0
1.323,0.423,-1.518,1.219,-0.439,1.268,0
0.319,0.423,1.037,-0.43,0.387,-1.706,0
1.97,0.289,-1.731,-1.728,-0.638,1.301,0
0.829,0.289,-1.731,-1.393,-1.709,-0.361,0
-0.586,0.667,-1.811,1.012,0.705,-1.995,0
0.269,-2.111,0.606,0.342,-1.753,-1.469,0
-0.586,1.379,-1.645,-0.049,0.966,1.268,0
1.323,-0.053,0.489,-0.861,0.804,-0.361,0
0.764,0.289,0.606,-0.43,-0.638,-0.361,0
0.764,1.688,0.397,1.269,0.387,-0.74,0
0.764,1.099,0.397,0.337,-0.21,-2.011,0
0.764,0.423,0.397,0.215,0.387,0.622,0
0.829,0.5,-1.811,0.633,1.77,1.301,0
1.97,1.379,0.489,2.0,1.833,0.622,0
0.269,-0.744,1.168,1.149,-0.638,-2.011,0
-0.586,-0.053,0.489,0.633,-0.897,-1.995,0
-0.586,0.5,-1.645,-1.393,-1.709,1.268,0
1.97,-0.897,-1.731,0.342,-1.476,-1.71,0
0.764,0.203,-1.752,0.342,-0.21,0.622,0
-0.539,-2.111,-1.518,0.342,0.804,-1.253,0
0.319,0.203,-1.652,1.668,-0.897,-1.71,0
-0.586,1.331,1.168,-1.728,-0.439,-2.011,0
-2.224,-0.744,1.168,0.348,-0.897,-1.995,0
1.323,1.331,1.168,1.33,0.804,-1.475,0
-0.539,-2.111,0.489,0.337,1.77,-0.361,0
-2.224,0.289,-1.518,1.012,-1.709,1.301,0
-0.539,0.5,0.397,-1.393,-0.21,1.268,0
-2.224,-2.111,-1.518,2.0,-1.753,-0.361,0
0.764,1.331,0.397,-0.297,-0.21,-1.469,0
0.829,1.379,1.037,1.492,0.387,-1.469,0
-0.539,0.289,0.397,-0.861,-0.21,-0.74,0
-0.586,0.203,-1.731,2.0,-1.753,-0.361,0
0.269,0.203,-0.886,0.342,-0.21,-1.469,0
1.97,-0.744,-1.811,0.215,-1.814,-1.469,0
0.319,0.667,-1.811,-0.43,-0.727,-1.706,0
1.323,1.099,-1.652,-0.861,-0.21,-1.475,0
-0.586,1.099,0.489,1.012,0.387,-1.71,0
1.323,0.667,0.397,0.342,0.387,-1.995,0
0.269,0.423,0.606,-0.049,-0.897,-1.469,0
-2.224,0.289,0.489,2.0,-0.439,0.622,0
-0.586,1.099,-1.752,1.219,0.966,-1.706,0
0.269,0.203,1.037,1.012,-0.21,-0.361,0
-0.539,0.203,-1.811,1.492,0.705,-1.71,0
1.323,1.688,1.037,1.33,-0.21,1.268,0
0.829,0.965,-1.811,-0.297,-0.21,-1.253,0
1.323,1.379,1.037,1.607,-0.21,-1.475,0
0.319,-0.744,-1.731,0.633,1.833,-0.361,0
1.323,1.099,1.037,1.012,-1.709,-1.995,0
0.269,-0.897,-1.518,-0.4,-0.21,-1.995,0
0.829,0.289,-1.652,-0.049,-0.638,-0.74,0
-0.539,0.203,-1.752,1.668,0.387,-0.361,0
0.829,0.5,-1.645,1.149,1.77,-0.361,0
-0.539,0.203,-1.811,-0.4,-1.476,1.268,0
1.97,1.379,0.489,-0.049,-0.439,-0.74,0
0.829,-2.111,-1.645,1.668,0.804,0.622,0
0.829,1.379,-1.752,1.33,0.387,-1.706,0
-0.586,-0.053,1.037,1.219,-0.21,0.622,0
0.319,0.203,0.606,-0.861,-1.814,-1.995,0
0.764,0.5,-1.652,-0.4,-1.476,1.88,0
1.97,0.5,0.606,-1.728,-0.897,1.301,0
0.764,-0.053,0.606,1.149,1.833,0.622,0
-2.224,1.379,-1.731,1.269,0.804,-1.71,0
0.829,0.423,-1.731,0.215,1.77,-1.71,0
-0.539,1.099,-1.645,0.348,-1.753,-1.475,0
0.764,0.5,0.606,1.269,-1.814,-1.706,0
-0.539,1.379,0.606,0.215,-0.439,-1.706,0
-0.586,0.289,-1.652,1.149,-1.476,-0.74,0
0.269,0.965,-1.811,1.607,-1.814,-1.475,0
1.323,-0.744,-1.752,-1.393,1.77,-1.475,0
0.829,0.289,-1.752,1.492,-0.727,-1.253,0
0.829,-0.744,-1.811,1.33,-1.814,-0.361,0
-0.539,0.965,-0.886,1.149,-1.753,-1.706,0
0.269,-0.897,1.037,0.348,-0.897,-1.475,0
1.97,1.688,-0.886,0.348,0.966,-1.706,0
-0.539,1.099,-1.752,1.269,0.804,-1.995,0
-0.586,1.331,0.489,0.342,-1.476,0.622,0
-0.539,1.331,0.606,0.348,1.833,1.268,0
0.764,0.289,1.168,-0.4,1.77,-1.469,0
-0.539,0.667,-1.811,1.607,1.77,1.301,0
1.323,1.379,-1.518,0.215,1.833,-1.469,0
0.829,-0.744,-1.811,0.215,-1.753,1.88,0
0.269,1.099,-0.886,0.215,0.966,1.268,0
0.764,1.331,-1.752,1.668,-0.727,-0.74,0
1.323,0.965,-1.518,1.219,0.705,0.622,0
-0.586,0.965,0.489,1.607,-1.814,-1.475,0
0.829,1.331,0.397,1.668,1.77,1.268,0
0.319,-0.897,0.397,0.633,-0.727,-1.253,0
0.829,0.667,0.489,1.012,-0.21,1.301,0
0.829,-0.897,0.606,-0.861,-1.814,-0.74,0
1.323,1.688,0.489,-0.861,0.387,-0.361,0
1.323,1.099,0.489,1.012,-1.709,-0.361,0
0.764,0.423,0.606,0.215,0.705,1.88,0
0.764,0.203,-1.811,-0.049,-1.814,-1.475,0
0.269,1.331,-1.752,2.0,-1.476,1.268,0
1.97,0.667,-1.518,1.269,1.77,1.301,0
1.323,-2.111,1.037,1.668,-0.897,-1.71,0
-0.539,-2.111,-1.652,-0.297,0.966,1.88,0
0.319,0.423,-1.518,1.668,-1.709,-0.74,0
-2.224,1.688,-1.731,-0.297,-1.709,-0.361,0
-0.586,-2.111,1.168,1.492,0.804,-0.74,0
-0.539,-0.744,0.489,1.492,-1.709,1.301,0
1.323,0.289,0.489,0.337,-1.476,0.622,0
0.319,1.688,0.489,0.348,-0.638,-2.011,0
-2.224,-0.053,-1.652,1.492,-0.897,0.622,0
-0.586,-2.111,-1.652,-0.43,0.804,-0.74,0
1.97,-0.744,1.168,0.215,-1.476,-0.74,0
0.764,-0.053,-0.886,1.149,-1.476,1.88,0
-0.586,1.331,0.489,1.012,0.966,-1.71,0
0.269,-2.111,0.489,1.33,-1.476,-1.475,0
1.323,-0.053,1.037,2.0,-0.638,1.268,0
-0.539,0.965,-1.811,0.215,1.833,1.301,0
-0.539,1.688,0.489,1.607,-0.727,-1.469,0
0.764,0.289,-1.811,0.342,-0.727,-2.011,0
1.97,0.5,-1.652,-0.4,-0.727,-2.011,0
-0.586,1.331,-1.731,-0.297,-1.753,-0.361,0
-0.539,1.331,1.037,2.0,0.387,1.88,0
0.764,0.965,0.606,1.492,-0.439,-0.361,0
1.323,-0.744,-1.652,1.492,-0.897,1.88,0
0.319,0.203,-1.518,1.012,-0.439,-1.995,0
-0.539,0.289,-1.811,-0.43,-1.753,1.301,0
0.269,0.667,1.037,2.0,-1.814,1.301,0
0.319,-0.897,0.489,-0.297,1.833,-1.469,0
-2.224,-0.053,0.489,1.012,-1.476,1.88,0
1.323,0.667,0.606,-1.728,-1.753,-2.011,0
0.269,0.203,-1.652,1.33,0.966,-1.71,0
1.323,1.331,-1.518,-0.43,0.804,-0.361,0
0.829,-2.111,-1.645,-0.43,-1.476,1.268,0
0.829,0.289,-1.811,-0.297,-0.897,-1.253,0
1.97,0.965,-1.645,1.149,-0.638,-2.011,0
0.269,1.331,0.397,0.215,-0.897,-1.995,0
1.97,-2.111,1.168,1.149,-0.21,0.622,0
0.269,0.423,1.037,0.337,-0.727,-1.469,0
0.269,-0.744,-1.731,2.0,-0.439,-2.011,0
1.97,0.203,-0.886,1.33,-0.897,-0.74,0
-2.224,1.099,1.168,1.668,0.387,0.622,0
-0.586,-0.897,0.489,2.0,-1.753,-1.71,0
1.97,1.099,-1.811,0.215,0.705,-1.253,0
-0.586,-0.897,-1.731,-0.43,-1.814,-1.469,0
-0.539,-0.744,-1.731,0.633,-1.709,1.268,0
0.764,0.5,-1.731,1.149,0.387,1.301,0
-0.539,1.099,-1.731,0.633,0.705,-1.995,0
-0.586,0.667,-1.652,-0.861,-1.814,-1.469,0
0.269,1.379,-1.731,1.149,0.705,-0.74,0
0.764,0.203,1.037,1.492,0.705,-1.995,0
-2.224,0.289,-1.652,-0.297,-1.753,0.622,0
-2.224,-0.053,-0.886,-1.393,1.833,-2.011,0
0.764,0.965,-1.645,1.269,-1.709,-0.74,0
0.319,-2.111,0.489,0.215,-0.727,-1.475,0
-0.586,1.099,-1.811,1.492,0.387,-0.74,0
0.764,-0.053,1.037,-0.861,0.387,-1.475,0
1.97,1.331,-0.886,1.607,-0.439,-1.706,0
1.97,0.289,-0.886,1.219,0.705,-2.011,0
0.829,-2.111,-1.652,1.668,-0.638,0.622,0
1.97,0.289,-0.886,-0.297,0.804,1.268,0
-0.586,0.965,-1.752,1.668,-1.476,-1.253,0
0.829,0.965,1.168,0.342,-1.753,-1.469,0
0.319,0.667,0.606,0.633,-0.897,-1.475,0
-0.586,-0.053,1.037,2.0,-0.638,-2.011,0
0.269,-2.111,-1.731,2.0,-0.727,0.622,0
-0.586,0.5,-1.811,-0.049,-1.814,-1.706,0
-2.224,0.667,1.168,0.215,-0.727,1.301,0
-0.539,0.667,1.168,1.219,-1.814,-0.361,0
1.323,-0.053,-1.645,1.607,1.77,1.301,0
0.764,0.423,-1.811,1.012,1.833,-1.706,0
-0.586,1.379,1.037,1.012,-1.814,-0.361,0
1.323,0.5,0.397,-0.43,-0.21,1.301,0
-2.224,-0.897,0.397,1.012,0.387,-0.361,0
0.269,1.688,-1.652,1.33,-1.814,1.88,0
1.97,0.203,-1.731,-1.354,-1.753,-0.74,0
-0.539,-2.111,-1.752,1.607,0.705,-1.71,0
1.323,1.099,1.037,1.607,0.966,1.268,0
1.323,0.423,0.397,1.668,-0.727,-1.71,0
-0.539,-0.744,-1.645,1.269,-0.897,1.88,0
0.319,0.289,-1.652,-1.393,-1.814,1.301,0
0.269,0.203,-1.731,-1.354,0.804,-1.475,0
0.319,0.423,-1.752,-1.393,-0.21,-1.475,0
-2.224,-0.053,0.397,0.348,-0.21,-2.011,0
-0.586,0.667,0.397,1.269,-0.727,-0.74,0
1.323,0.203,1.037,0.215,-1.753,-1.469,0
1.323,0.289,-1.811,-1.393,-0.727,-0.74,0
0.269,0.5,-1.652,-1.354,-1.476,-1.469,0
1.97,0.5,1.037,1.607,0.705,0.622,0
-2.224,0.423,-1.645,1.668,-1.709,1.301,0
0.319,0.423,-1.752,-0.43,-1.814,1.88,0
-0.586,-0.053,-1.811,-0.43,0.705,-1.475,0
0.764,-0.053,0.397,1.149,-0.727,-1.995,0
0.319,0.203,-1.518,-0.43,1.833,-1.995,0
1.323,0.423,-0.886,-0.4,0.966,-1.706,0
-0.586,-0.744,-1.518,-0.861,-1.753,-1.469,0
0.319,1.379,-1.645,0.337,0.705,0.622,0
-0.586,0.965,-1.811,1.668,-0.439,1.268,0
1.97,-0.053,1.037,0.633,-0.727,-0.361,0
0.829,0.203,0.489,-1.393,1.833,0.622,0
1.97,0.423,-1.811,-1.393,-1.753,-2.011,0
0.829,0.667,1.168,-0.861,-1.709,-1.995,0
-0.586,0.289,-1.731,1.33,-0.439,1.268,0
0.764,-2.111,-0.886,0.348,-1.709,-1.475,0
0.829,-0.053,-1.652,-1.393,1.77,-2.011,0
-0.586,0.5,0.489,0.342,-0.727,-1.469,0
-0.586,1.379,0.606,0.348,0.804,0.622,0
-0.586,0.203,-1.811,1.492,0.966,-1.706,0
1.323,-0.897,-1.811,0.215,-0.638,-1.71,0
-0.586,0.423,0.606,2.0,-0.638,-0.361,0
0.829,-0.744,-1.652,-0.4,-0.638,-1.706,0
0.764,0.203,-1.811,0.342,-0.638,-1.253,0
-0.586,0.965,0.489,-0.297,-1.476,-1.475,0
0.829,0.423,1.037,1.33,-0.638,-1.995,0
0.269,-0.897,-1.645,0.342,-1.476,-1.475,0
0.319,1.379,-0.886,1.149,0.966,-1.71,0
0.764,0.667,-1.811,-1.728,-0.638,0.622,0
-0.539,-2.111,-1.645,-1.728,1.833,1.301,0
-0.586,0.965,0.489,0.633,-1.814,-1.706,0
1.323,1.099,-0.886,0.215,0.705,1.88,0
0.764,0.289,-0.886,-0.049,0.387,-1.706,0
-2.224,0.667,1.037,1.33,-0.638,-1.71,0
0.269,1.099,0.397,-0.4,-1.753,1.88,0
0.829,1.379,0.489,-0.297,-0.638,-1.475,0
-2.224,1.099,-0.886,-1.728,-1.814,1.301,0
1.97,-0.744,0.489,-0.43,-1.476,-1.71,0
0.319,1.688,1.037,1.219,0.705,1.88,0
0.269,-0.744,-1.752,0.633,0.387,-2.011,0
0.829,1.379,-0.886,1.33,-0.439,-1.995,0
0.829,-0.053,0.397,1.607,-1.709,-1.706,0
0.764,0.423,-1.811,-0.43,0.387,0.622,0
0.764,-0.053,-1.811,1.149,-1.814,0.622,0
1.323,0.289,-1.652,2.0,-0.727,-1.995,0
0.269,1.688,-1.645,1.219,-1.476,1.301,0
1.97,1.331,0.397,-1.728,1.833,-1.706,0
0.269,1.331,-1.752,-0.049,1.833,1.268,0
0.764,-2.111,-1.731,-0.049,0.387,-1.706,0
-0.539,1.099,1.168,2.0,1.833,1.268,0
-2.224,0.667,0.397,0.342,0.705,-1.995,0
-0.586,0.667,1.168,1.149,1.833,-1.253,0
-0.586,0.5,1.168,-1.393,-1.814,1.88,0
-0.539,1.379,1.037,-0.43,0.804,-0.74,0
1.97,1.379,0.397,-1.393,1.833,-1.995,0
-2.224,1.099,0.606,-0.297,-1.753,-1.995,0
1.97,-0.053,-1.652,-0.43,-1.814,-0.361,0
-2.224,1.688,1.037,-0.049,-0.439,-0.361,0
-2.224,-0.744,1.168,1.607,-0.727,1.88,0
-0.539,0.965,-1.518,0.348,-1.753,1.268,0
0.764,1.099,-1.645,0.337,-1.476,-1.253,0
-0.586,1.379,1.168,1.269,-1.814,-1.706,0
1.323,0.423,-0.886,-0.43,-0.21,-1.469,0
-2.224,-0.053,0.606,1.269,-0.727,-1.706,0
1.323,1.099,-1.811,-1.393,1.77,-1.71,0
-0.539,1.379,1.037,0.215,1.77,-1.253,0
-2.224,1.688,-1.752,-0.43,-0.727,-1.706,0
0.764,-0.897,0.489,-1.354,-0.727,-1.706,0
1.97,-0.897,-1.645,-0.43,0.387,-1.253,0
0.764,0.289,1.168,0.633,1.77,1.88,0
0.269,-0.744,1.037,1.492,-0.727,-1.253,0
-2.224,-0.744,-1.752,-1.728,-1.753,1.268,0
0.269,0.5,1.037,1.269,0.387,-0.74,0
0.829,0.667,-1.652,1.607,-1.709,-0.74,0
0.829,1.688,-1.652,2.0,0.966,1.268,0
0.269,1.099,1.168,1.607,-0.638,-1.71,0
1.97,1.331,1.168,0.633,0.804,-0.361,0
0.829,0.5,1.168,0.337,-1.753,-1.469,0
0.319,-2.111,-1.731,-0.43,-1.476,1.268,0
-0.539,1.099,-1.752,-0.049,-1.476,-1.475,0
-0.586,-0.053,-1.645,0.215,-0.439,-1.253,0
-2.224,0.667,0.606,-1.728,-1.753,-1.706,0
0.764,-0.744,0.489,-0.861,-0.638,-1.469,0
-2.224,0.5,-1.645,1.492,-0.21,-0.361,0
-2.224,-2.111,-1.752,0.337,0.705,1.268,0
1.97,1.688,-1.752,1.607,-0.21,-1.469,0
-2.224,0.423,-1.752,0.342,0.966,-1.71,0
1.323,0.423,1.037,-1.393,1.77,-1.253,0
0.829,1.379,-1.811,1.149,0.966,1.88,0
1.97,0.5,-1.752,1.492,1.833,-1.469,0
-0.539,0.965,-1.731,1.668,-1.814,-0.74,0
0.269,0.667,-1.518,1.668,1.833,-1.71,0
1.323,-0.744,-1.731,1.33,0.705,1.88,0
0.829,-0.897,-1.752,-0.43,-1.709,-1.995,0
1.323,0.203,1.168,-0.4,0.966,-1.71,0
0.829,-0.897,1.037,-1.354,-1.814,-1.469,0
1.323,-0.744,0.606,1.33,-0.638,1.88,0
1.97,1.099,-1.645,1.149,-0.439,0.622,0
-0.539,1.688,-1.731,1.33,-0.21,-0.361,0
-2.224,1.688,0.606,1.607,-0.638,1.268,0
-0.539,1.099,-1.518,1.492,0.387,1.268,0
1.323,-0.744,-1.518,1.668,-0.638,0.622,0
0.319,0.423,-0.886,0.348,-0.21,-1.995,0
0.764,1.099,1.168,1.33,-1.709,-0.74,0
1.323,-0.897,0.606,1.33,1.833,-0.361,0
0.269,-0.897,-1.811,1.607,0.705,0.622,0
0.764,1.331,1.168,2.0,-0.21,-1.469,0
-0.586,0.667,-1.645,-1.393,-1.814,1.88,0
0.319,-2.111,0.397,-1.393,1.77,-1.71,0
0.829,1.379,-1.645,-0.049,-1.709,-1.469,0
1.97,0.423,-1.518,1.607,-1.814,-1.995,0
-2.224,0.5,-1.752,-0.43,0.705,-1.253,0
0.269,0.667,0.606,-0.43,-1.814,1.88,0
0.764,1.331,0.489,0.633,0.804,1.301,0
0.319,1.379,-1.811,-0.861,0.387,1.268,0
-0.539,0.667,-1.752,0.337,-1.476,-0.361,0
-0.539,0.965,-1.652,-0.43,0.705,-1.995,0
-2.224,0.667,0.397,-1.393,-0.21,-1.995,0
-0.539,1.379,1.168,0.348,-0.727,-1.475,0
0.319,0.203,0.606,1.219,-1.814,1.268,0
0.829,0.423,-1.645,1.219,0.387,-1.71,0
-0.586,-0.053,-1.518,-0.861,-1.814,-0.361,0
0.764,1.379,0.397,1.492,-0.21,-1.995,0
1.323,-0.053,0.397,-0.049,-1.709,-2.011,0
1.97,0.5,1.168,-0.049,-1.814,1.301,0
0.764,-0.744,-0.886,0.337,-0.897,1.268,0
-0.586,0.423,-1.645,0.342,-0.439,-1.71,0
1.323,0.965,0.397,0.348,1.77,-1.706,0
-0.586,0.5,-0.886,1.607,-0.897,1.301,0
0.319,1.379,0.489,-1.354,0.804,1.268,0
1.323,1.331,1.037,1.012,-0.439,1.268,0
0.269,-0.744,-1.645,-0.4,1.833,-1.475,0
0.319,1.331,0.397,-1.354,0.804,1.268,0
0.269,0.289,1.037,2.0,-0.897,-1.469,0
-0.586,0.289,-0.886,-1.393,1.77,0.622,0
1.97,1.331,-1.645,-0.43,-1.709,-1.475,0
-0.539,0.667,0.489,1.012,-0.21,-2.011,0
1.323,1.099,1.168,2.0,-0.897,-1.253,0
0.764,0.5,0.397,0.342,-0.727,0.622,0
0.764,1.379,0.397,0.337,-1.476,-0.361,0
0.319,0.667,-1.652,0.215,0.387,-1.995,0
-0.539,1.688,-1.752,1.607,-0.638,-1.469,0
1.323,-0.053,-1.652,0.342,-1.814,-1.253,0
1.97,-0.897,0.489,0.337,-0.727,-1.706,0
0.764,0.965,1.037,-1.393,-0.439,-1.469,0
-0.586,0.667,-1.811,1.219,0.804,1.301,0
-2.224,0.5,0.397,0.633,1.77,-1.469,0
1.323,1.379,-1.731,0.337,-0.727,-1.469,0
-0.539,0.5,0.489,0.348,-1.476,-2.011,0
0.764,0.289,-1.652,-0.861,-0.727,0.622,0
0.764,0.289,-1.645,-0.049,0.387,1.301,0
1.323,1.099,1.037,-1.728,-0.727,-1.71,0
0.764,-2.111,-1.752,1.668,0.705,-1.469,0
0.269,0.965,-0.886,0.337,0.705,-0.361,0
0.319,0.289,-1.645,0.348,1.77,-1.71,0
-0.586,0.965,-1.652,-0.049,-0.439,-1.253,0
0.764,-2.111,1.168,-1.728,1.833,-0.74,0
-2.224,0.5,-1.518,-0.861,-0.897,-0.361,0
0.319,-2.111,-1.652,0.348,-1.709,1.268,0
-0.586,1.688,-1.652,2.0,-1.814,-0.361,0
-0.586,1.688,0.397,2.0,-0.897,-1.706,0
0.764,-2.111,-1.652,-1.354,-1.753,-0.74,0
0.319,1.688,0.397,0.337,0.966,1.88,0
0.764,0.5,-1.652,1.33,1.833,-1.253,0
0.764,1.688,-1.645,-1.728,-0.638,1.88,0
0.319,0.667,0.606,1.012,-0.727,-1.469,0
-0.586,0.203,-1.731,0.348,1.833,-1.253,0
-2.224,1.379,0.606,1.607,-0.638,1.268,0
0.319,1.379,-1.752,-1.393,1.77,-2.011,0
0.764,0.423,1.037,-1.393,0.705,-1.995,0
0.269,1.379,-0.886,-0.43,0.387,-1.475,0
0.764,0.423,-1.731,1.607,-0.638,1.88,0
1.97,-0.897,-1.811,1.269,-0.638,-1.995,0
0.269,0.203,-1.645,1.012,1.77,1.88,0
0.829,-0.744,-1.645,-0.861,0.705,-2.011,0
1.97,1.379,-1.645,1.219,-1.753,-0.361,0
0.764,0.423,0.489,1.668,0.804,-1.71,0
-0.586,0.289,0.606,-1.728,-0.21,0.622,0
1.323,0.965,0.397,1.149,0.387,-0.361,0
1.323,0.423,-1.652,1.492,0.705,1.88,0
-2.224,1.331,-1.811,1.149,0.387,-2.011,0
-2.224,0.5,0.606,1.149,0.804,0.622,0
1.97,1.379,0.489,1.668,-0.638,1.301,0
0.319,-0.053,0.489,-0.861,-0.727,-1.475,0
0.319,-0.897,0.397,0.215,-1.476,-1.475,0
-0.586,0.203,1.168,1.012,-0.638,-1.253,0
-0.539,-0.897,-1.731,1.492,-1.814,1.268,0
1.323,0.5,0.397,-0.861,0.966,-1.475,0
0.269,0.289,1.037,-0.43,0.387,-1.475,0
-0.586,-0.897,0.489,1.492,-1.814,-1.995,0
0.829,-2.111,0.606,0.215,0.966,-1.706,0
0.764,-0.897,-0.886,0.342,-0.727,-0.74,0
-0.539,-0.053,0.489,-1.354,1.77,-1.71,0
-0.586,0.289,-1.731,1.492,0.966,-1.469,0
-2.224,0.423,-1.652,1.492,0.705,-1.706,0
1.97,1.688,-1.752,-0.049,-0.439,-0.74,0
0.829,0.289,-1.652,1.219,1.77,1.88,0
0.319,0.203,0.489,-0.861,0.966,-0.74,0
1.97,0.289,0.606,0.337,-0.439,-1.253,0
0.319,1.688,0.606,2.0,-0.897,0.622,0
0.764,0.5,0.489,0.337,0.804,1.301,0
0.269,-0.053,1.037,-0.049,-0.21,-0.74,0
0.764,1.688,0.606,0.342,-0.638,-0.361,0
0.319,1.099,-1.731,0.215,1.833,-1.995,0
-0.586,0.289,-0.886,-0.297,-0.439,-0.74,0
-2.224,0.289,0.606,1.33,-1.476,-0.74,0
0.319,0.423,0.397,1.668,0.387,-2.011,0
-0.586,0.5,-1.811,1.149,-0.727,-1.706,0
-0.586,1.379,-1.811,-0.4,-1.709,1.88,0
0.829,0.289,-1.652,-0.43,-0.439,-1.995,0
0.829,-0.744,0.489,1.668,-0.21,-0.74,0
0.764,0.203,1.037,0.215,0.804,1.301,0
-0.539,0.965,-1.811,1.492,0.387,-2.011,0
1.97,0.965,-1.518,0.337,-1.753,-1.469,0
-0.586,-2.111,0.606,1.33,0.387,-1.475,0
-0.586,-0.053,-1.731,0.337,-1.753,-1.475,0
-0.539,1.379,-1.518,1.149,0.705,-1.71,0
-0.539,1.379,-1.811,1.668,0.705,-0.361,0
0.269,0.667,0.606,0.215,1.77,-1.71,0
0.829,0.5,-1.645,-1.728,-0.897,-0.74,0
0.764,1.688,-1.811,-1.393,1.77,-1.253,0
1.97,0.5,1.168,1.33,0.966,-1.71,0
0.319,-0.744,0.489,0.348,-1.476,1.268,0
-0.586,0.667,-1.811,-0.861,1.833,-1.71,0
0.764,-2.111,1.037,-0.43,1.77,1.268,0
0.269,-0.053,-0.886,0.337,0.804,1.301,0
0.269,1.379,-1.518,0.633,-0.638,1.301,0
-0.539,0.965,-1.518,2.0,0.966,-0.361,0
1.97,-2.111,1.168,1.607,0.966,-1.706,0
0.319,1.688,-1.811,-0.861,1.833,-1.71,0
0.269,0.5,0.397,1.668,-0.21,-2.011,0
-0.586,0.5,-1.731,1.149,0.387,-1.706,0
0.269,0.203,1.037,0.633,-1.753,-1.71,0
0.319,-0.744,1.037,0.633,-1.753,1.268,0
0.829,0.289,-0.886,0.337,-0.897,-1.475,0
0.319,-0.744,0.489,0.633,-0.638,1.301,0
0.319,-0.897,-1.752,-1.728,-1.709,0.622,0
0.764,-0.053,-1.518,1.492,-0.21,-2.011,0
0.269,0.667,0.397,-0.297,-1.476,-1.475,0
0.269,0.203,-1.811,2.0,-0.21,-1.71,0
1.323,0.203,0.489,1.492,0.705,1.88,0
1.323,0.5,-0.886,1.668,-0.727,-1.253,0
0.269,0.203,-1.752,1.492,0.804,-0.74,0
1.97,0.203,0.606,-0.297,-1.753,1.268,0
0.319,1.688,-1.645,-1.354,0.387,-0.361,0
-0.539,1.379,1.037,1.269,-1.476,-0.74,0
0.269,-0.053,1.037,-0.297,0.966,-0.74,0
0.269,0.965,0.397,-1.354,-0.439,-1.995,0
0.319,1.099,0.606,-1.393,1.77,-1.253,0
0.269,-2.111,-1.752,0.215,1.77,0.622,0
1.323,-0.053,-1.731,0.348,-0.638,-1.475,0
1.97,-2.111,-1.518,1.269,1.833,-1.475,0
0.829,1.099,-1.645,1.33,-0.21,-1.71,0
0.829,0.203,-1.752,-0.297,-0.638,-1.475,0
0.269,1.331,0.606,1.607,-1.753,-1.469,0
-0.586,1.688,1.037,1.219,0.966,1.301,0
-0.539,1.688,0.606,-0.049,-1.753,-0.361,0
0.764,0.423,-1.652,-0.4,0.804,-2.011,0
-0.586,1.099,-1.811,-0.297,1.77,1.268,0
-2.224,0.5,0.397,1.492,-1.476,0.622,0
1.323,1.331,1.168,1.33,-0.897,-0.74,0
0.829,1.379,-1.811,1.219,1.833,-1.475,0
-0.586,0.667,-1.518,0.348,-0.439,-1.706,0
0.269,0.423,-0.886,2.0,-1.476,1.268,0
0.829,1.331,-1.518,-0.43,1.833,-2.011,0
1.323,1.379,-1.811,1.219,-0.21,-2.011,0
-2.224,0.203,-1.652,1.607,-0.638,-1.706,0
0.764,0.965,0.606,0.337,-1.476,-0.74,0
-0.586,0.667,-0.886,1.149,0.705,-1.475,0
1.323,0.667,-0.886,-1.354,0.804,0.622,0
1.323,1.331,-1.811,-1.393,-0.439,1.268,0
0.319,0.667,0.397,-0.4,-0.897,-1.475,0
-0.586,1.099,-1.518,0.633,0.387,-1.995,0
0.829,0.289,1.037,1.607,0.804,1.301,0
1.323,1.379,-1.518,0.337,-0.638,-0.74,0
1.97,-0.053,-1.811,1.607,-1.753,1.301,0
0.269,-0.053,0.397,1.219,0.387,-1.469,0
1.323,1.688,-1.645,1.149,-0.21,-1.469,0
0.269,0.667,0.489,2.0,-1.814,1.268,0
0.319,0.965,-1.731,-1.354,-1.709,-1.995,0
0.269,0.203,0.397,0.633,0.804,-1.71,0
0.764,0.423,0.489,-1.728,0.966,1.268,0
0.269,0.965,-0.886,0.633,1.833,-1.469,0
0.319,-0.053,-1.731,1.492,-0.727,1.88,0
0.319,0.289,1.168,-0.049,0.966,-1.706,0
0.764,0.5,-0.886,1.149,1.77,-0.74,0
0.319,-0.053,-1.731,1.668,-1.476,1.268,0
-0.539,-2.111,-1.811,1.607,1.77,0.622,0
-0.539,0.423,0.606,1.219,-0.638,-1.706,0
-2.224,-2.111,-1.652,-0.297,-0.21,-1.71,0
1.323,-2.111,-1.731,1.607,-0.439,-1.706,0
-2.224,1.688,-1.652,-1.393,0.387,-2.011,0
1.97,0.667,-1.645,1.33,-1.476,-1.71,0
0.829,0.5,0.606,0.215,0.387,-2.011,0
-2.224,-0.053,-1.752,1.269,0.966,-0.74,0
0.269,0.667,1.037,2.0,-0.727,-1.995,0
0.269,0.203,-1.645,0.633,0.966,-1.995,0
1.97,-2.111,1.168,1.33,-0.439,-1.995,0
0.319,-0.897,0.489,0.633,0.966,-1.469,0
1.97,0.5,0.489,-0.297,-0.21,1.301,0
0.319,0.289,-0.886,0.348,-0.897,0.622,0
1.323,-0.744,0.489,-0.4,-0.897,-2.011,0
1.97,-2.111,0.397,1.492,-1.753,-1.475,0
1.97,0.667,0.489,-0.861,0.966,-1.706,0
0.829,1.688,1.168,2.0,-0.727,0.622,0
-0.586,-0.897,-1.645,1.269,0.387,1.268,0
1.97,0.5,-0.886,1.668,-0.439,-0.361,0
-0.539,-2.111,-1.731,0.342,-0.21,-1.995,0
0.269,-0.053,0.397,1.269,0.966,1.268,0
-0.539,-0.744,-1.752,1.492,-0.897,1.268,0
-2.224,-0.744,-1.518,-0.43,-0.21,1.301,0
0.319,1.379,0.397,1.219,1.77,-1.469,0
0.764,-0.053,-1.811,-1.354,-1.814,-0.74,0
0.319,1.331,-1.645,0.348,-0.21,1.301,0
0.764,1.379,0.606,0.215,-0.897,-0.361,0
0.319,-0.897,-0.886,-1.354,-0.897,1.301,0
-0.539,-2.111,-1.652,0.342,-1.814,1.268,0
-0.539,0.667,-1.731,0.348,-0.727,-2.011,0
-0.539,1.099,-1.645,0.337,-0.897,1.88,0
-2.224,0.667,-1.731,-1.393,-1.709,-1.469,0
1.97,-0.053,-1.652,2.0,-1.753,-2.011,0
1.97,-0.744,1.168,1.492,-1.814,-1.253,0
-2.224,0.667,0.489,0.215,-1.814,1.268,0
-0.586,0.5,0.489,-0.861,-0.897,-1.71,0
1.97,0.203,0.489,1.492,0.966,-2.011,0
-0.586,-0.053,-1.752,-0.861,1.77,-1.706,0
-0.539,0.289,-1.811,1.33,1.77,-1.71,0
1.97,1.688,0.606,0.348,-0.897,-1.475,0
-2.224,1.331,1.037,-0.049,1.77,-1.475,0
-0.586,-0.053,0.489,-0.43,0.804,-1.706,0
-0.539,1.099,-1.645,0.215,1.833,-1.71,0
0.829,0.667,-1.811,-0.861,0.705,-1.995,0
0.319,0.5,-0.886,0.633,-0.638,-0.74,0
0.829,0.289,-1.811,-1.393,-0.897,-1.995,0
0.269,1.099,-1.811,-0.297,0.387,-2.011,0
1.323,0.423,-1.645,0.337,1.833,-1.706,0
0.764,0.965,1.168,-1.354,-1.476,-1.995,0
1.323,-0.897,1.168,-1.728,0.804,-1.706,0
0.269,0.423,1.037,1.012,-1.476,-1.995,0
0.319,0.965,-0.886,1.492,1.833,-1.469,0
-0.539,1.331,-1.752,-0.43,-0.727,-1.706,0
1.323,1.379,1.037,1.492,-0.897,-1.706,0
-0.586,-0.897,0.606,1.012,0.705,-1.469,0
0.319,0.203,-1.645,-0.049,-1.709,1.88,0
-0.539,1.331,-1.645,-1.728,0.804,-1.706,0
0.269,-0.744,-1.518,1.269,0.966,-0.74,0
1.97,-0.053,-1.731,-0.297,-1.814,1.268,0
-2.224,0.423,1.168,0.633,-1.476,1.268,0
0.829,1.331,-1.752,1.149,-1.476,1.88,0
0.319,0.667,-0.886,0.342,-0.727,-1.706,0
1.323,1.331,-1.811,-0.049,-1.709,-1.71,0
0.764,1.379,-1.731,1.012,-1.709,-0.74,0
0.319,0.203,-1.811,1.492,-1.814,-2.011,0
0.829,1.331,-1.518,-0.43,-0.897,-1.995,0
-2.224,0.667,1.037,0.633,-1.753,1.88,0
0.829,1.099,0.606,1.668,-0.897,0.622,0
0.319,0.203,-1.518,1.149,-1.753,-1.71,0
0.829,0.289,0.489,-1.354,-0.727,-1.253,0
-0.586,0.289,-1.731,0.215,1.833,0.622,0
1.323,1.099,1.037,-0.4,0.804,-2.011,0
0.269,-0.053,1.037,-1.354,0.966,-1.253,0
-0.539,0.289,0.397,0.342,-0.638,1.268,0
-0.539,0.965,-1.811,1.149,-0.638,1.301,0
1.323,-0.897,0.489,-0.43,-1.476,1.301,0
0.319,-0.744,-1.752,-0.4,0.705,-1.253,0
0.269,-0.053,0.489,-0.4,-1.814,-1.706,0
-2.224,0.289,-0.886,-0.861,-1.753,-1.71,0
0.829,-0.053,-0.886,1.33,-0.439,1.88,0
-0.586,0.289,0.397,0.348,0.804,-1.71,0
1.323,-2.111,0.606,-1.728,0.804,1.301,0
-2.224,0.5,0.397,-0.861,-0.897,1.268,0
-0.539,-0.053,-1.811,1.219,0.387,-1.706,0
0.829,0.667,-1.652,-1.728,0.387,-1.475,0
-2.224,0.289,-1.652,0.337,0.705,-1.253,0
0.269,-2.111,-1.518,-1.393,-0.897,-0.74,0
0.269,0.423,-0.886,2.0,0.705,1.301,0
1.323,0.965,-0.886,0.342,-1.476,-1.469,0
1.323,1.331,0.489,0.342,-1.814,1.301,0
1.323,1.331,0.397,-1.393,-0.638,1.268,0
1.323,0.203,0.397,0.215,1.77,-1.253,0
-0.539,-0.744,0.489,-1.393,0.387,1.301,0
0.829,1.331,1.168,0.337,-0.727,-1.469,0
0.829,1.379,0.606,0.337,-0.439,-1.469,0
0.829,1.379,1.037,-0.049,-0.638,-2.011,0
0.764,-0.053,1.168,1.149,-0.439,0.622,0
0.829,0.5,-0.886,-1.354,-0.638,-1.253,0
1.97,0.289,1.037,0.633,-0.638,-1.253,0
0.269,-2.111,0.606,0.337,1.833,-1.71,0
1.97,-0.897,-1.518,1.607,0.804,-0.74,0
-2.224,0.5,-1.652,1.149,-1.753,1.301,0
-2.224,-2.111,-1.731,1.33,1.833,-2.011,0
-0.539,-0.053,-1.652,-0.861,-1.753,-2.011,0
-2.224,-0.897,-1.518,1.012,0.966,-0.74,0
-2.224,0.289,-1.811,1.149,-1.476,-1.706,0
0.319,0.965,1.168,-1.728,0.966,1.268,0
-0.586,-0.053,1.168,2.0,0.387,1.301,0
1.97,0.965,-1.752,-0.861,0.705,-1.475,0
-2.224,0.667,-1.645,1.607,1.833,-1.71,0
0.764,0.289,-1.752,-0.43,1.77,1.88,0
0.829,1.331,-1.752,2.0,0.966,-1.71,0
0.764,1.688,0.489,0.633,-1.476,-1.475,0
-0.539,1.099,-1.652,0.215,0.804,-2.011,0
1.323,1.379,0.397,-0.4,-0.439,1.268,0
0.829,0.423,0.489,1.149,-1.709,-1.475,0
0.319,1.331,0.606,-1.728,0.966,-1.995,0
-2.224,-0.053,-1.645,1.219,-1.709,-0.361,0
0.269,1.688,0.489,-0.4,-0.727,1.301,0
0.269,-2.111,-1.645,1.269,-1.709,1.88,0
-2.224,0.203,-1.752,1.668,1.77,-0.74,0
0.269,1.688,0.489,-0.4,-0.439,-0.361,0
-0.586,0.5,-0.886,0.633,1.833,-0.361,0
-0.539,1.379,1.168,-0.4,-0.21,-1.475,0
-0.539,-0.744,-1.645,0.215,-0.439,-2.011,0
-0.539,-2.111,-1.652,1.33,-0.727,-0.361,0
0.829,1.379,-0.886,-1.728,1.833,-1.253,0
-0.539,-0.897,-1.518,-0.297,-0.727,-1.475,0
1.323,1.379,-0.886,-0.861,-1.814,-1.253,0
1.97,0.5,-0.886,0.342,0.387,1.88,0
1.97,-0.897,1.168,1.492,-0.439,-2.011,0
0.829,1.688,0.606,1.149,-0.21,1.88,0
0.269,-2.111,1.037,1.149,-1.814,-0.74,0
-2.224,-0.053,-1.811,1.668,0.387,-2.011,0
-0.539,-0.744,0.606,0.337,-1.814,0.622,0
0.764,0.5,-1.518,0.342,0.804,-1.253,0
-0.586,-2.111,-1.652,-1.393,-1.476,-1.469,0
-0.539,0.667,-1.652,-0.049,0.966,-0.361,0
1.97,0.965,-1.518,0.342,-0.727,-0.361,0
0.319,0.667,0.606,-1.728,-0.897,0.622,0
0.319,0.965,1.037,-0.4,0.705,-2.011,0
-0.539,0.965,-1.652,1.012,-0.638,-1.71,0
0.319,-0.053,-1.752,-1.393,-0.727,-1.995,0
1.97,1.331,0.606,0.633,-1.709,1.88,0
0.829,0.667,0.606,0.215,-0.727,-1.71,0
0.319,0.203,0.489,0.348,-0.727,-2.011,0
1.323,0.965,-1.811,0.348,0.387,-1.706,0
0.829,0.667,-1.652,2.0,-1.476,1.88,0
1.323,0.203,1.168,1.269,-0.21,-1.71,0
-0.586,0.203,1.168,0.348,0.705,-1.469,0
-0.586,0.289,-1.645,0.348,0.804,-1.71,0
0.829,0.203,-1.518,1.219,0.804,-1.706,0
0.829,0.423,-1.518,0.215,-0.21,-1.71,0
0.319,0.289,0.606,1.012,-1.753,-0.74,0
-2.224,-0.053,0.397,1.607,-1.476,1.301,0
-2.224,-2.111,0.606,1.219,-0.638,-1.71,0
1.97,0.965,-1.811,0.348,-1.709,-1.71,0
-2.224,1.099,0.489,1.668,0.705,-1.995,0
-0.539,0.667,-0.886,1.33,-0.21,1.301,0
0.829,-0.053,-0.886,1.607,0.387,-1.71,0
-0.539,1.099,-1.731,1.269,0.966,-1.706,0
1.323,0.289,1.037,1.012,1.77,-1.469,0
-2.224,0.423,1.037,1.219,-1.476,-2.011,0
1.323,1.688,-1.752,-0.43,-0.727,-1.253,0
0.829,-2.111,1.037,1.269,-0.897,-0.74,0
0.269,-2.111,0.397,-0.861,0.804,1.301,0
-0.586,1.379,-1.652,0.215,-0.439,-1.995,0
1.97,-0.744,-1.731,0.633,-0.638,-2.011,0
1.97,1.099,1.168,1.492,1.833,0.622,0
0.829,1.379,1.037,-1.354,-0.897,-1.253,0
0.319,1.099,-1.652,1.492,1.833,-1.253,0
1.323,1.099,1.168,0.633,-1.814,1.301,0
-0.539,1.331,-1.518,1.33,-1.709,-0.361,0
-0.586,0.5,-1.752,0.337,-0.21,-1.253,0
-0.586,1.099,0.397,1.492,0.705,-2.011,0
0.829,1.099,-0.886,1.269,-0.727,1.88,0
1.97,0.203,-1.645,0.337,0.387,1.268,0
0.269,1.688,1.037,0.348,1.833,-2.011,0
0.269,0.965,0.397,-0.43,-1.814,-1.71,0
0.829,0.423,0.397,1.668,-0.897,-2.011,0
-0.539,1.331,-1.652,-1.393,0.966,-1.706,0
0.269,-0.744,0.397,1.269,-0.897,-1.253,0
0.269,1.379,-1.752,1.149,-0.897,-1.71,0
0.319,-2.111,-1.652,-0.4,-1.709,-1.995,0
-2.224,1.379,-1.645,1.012,0.804,1.88,0
-0.586,1.331,-1.645,0.337,-0.897,-0.74,0
0.319,0.5,-1.811,1.607,-0.439,-1.253,0
1.323,-2.111,-1.811,-0.861,-0.439,1.301,0
-0.539,0.289,-1.518,0.633,0.387,-1.475,0
0.829,1.331,-0.886,2.0,-0.727,-1.706,0
-0.539,0.203,0.489,1.149,0.804,1.268,0
-0.586,-2.111,-1.752,0.215,-0.727,-1.475,0
1.97,0.203,-1.652,-0.4,0.705,-2.011,0
0.319,0.423,-1.652,1.269,1.77,-1.995,0
1.97,0.423,-0.886,-0.4,1.833,1.88,0
0.319,0.965,-1.731,1.492,-0.21,1.301,0
1.97,0.667,-1.652,0.633,-1.814,0.622,0
-0.586,0.203,-1.752,1.33,0.387,-1.71,0
1.97,0.965,-1.518,0.633,-1.476,-1.995,0
-0.539,0.965,-1.731,0.348,0.705,-1.995,0
-0.586,1.688,0.397,-1.354,-1.814,-2.011,0
0.829,1.688,1.168,1.492,-0.638,0.622,0
-2.224,-0.053,-1.731,-0.43,-1.709,-1.995,0
0.829,0.203,-1.811,1.33,-1.753,-2.011,0
-2.224,-0.053,-1.811,1.149,-1.753,-0.361,0
-0.539,0.667,1.037,-1.728,-0.897,-0.361,0
1.323,-0.053,0.397,0.633,-0.897,-1.71,0
0.319,0.203,0.489,-0.4,-0.638,1.301,0
0.829,-0.053,-0.886,2.0,-0.897,1.268,0
-2.224,1.099,-0.886,1.492,0.966,-1.706,0
-0.586,1.331,-1.731,1.219,1.833,-0.361,0
1.323,1.099,-1.518,-0.297,0.966,-0.74,0
1.97,-0.053,-1.645,1.149,-0.897,-1.995,0
-0.539,-0.053,0.606,1.33,-0.727,-1.475,0
0.764,-2.111,-1.518,0.633,-1.709,-2.011,0
0.269,0.965,0.397,0.348,-1.709,1.301,0
0.764,-0.897,-1.731,-1.354,0.804,1.301,0
0.764,0.5,-1.652,-0.43,0.804,-0.74,0
0.764,-2.111,-1.652,0.215,0.705,-0.74,0
0.319,-0.744,-1.518,0.342,-0.638,1.301,0
0.829,0.5,0.489,1.012,-1.753,-1.475,0
-0.539,-0.053,-0.886,0.215,-1.476,-1.995,0
-2.224,-0.897,-1.731,0.337,0.387,-1.253,0
0.319,1.099,1.168,0.342,-0.897,1.268,0
0.829,1.379,0.397,1.269,-0.638,-1.475,0
0.319,-0.897,0.489,0.348,1.833,1.301,0
-2.224,1.099,-1.518,1.492,-1.753,-1.475,0
1.323,0.289,-1.731,-0.4,-1.753,-1.706,0
0.829,-2.111,-0.886,0.337,1.833,1.301,0
0.764,-2.111,1.168,0.348,0.804,-1.475,0
1.323,0.5,0.489,-0.049,-1.814,-1.706,0
0.269,0.289,1.168,-0.297,0.705,0.622,0
1.97,-2.111,-1.752,-1.728,0.705,-1.71,0
0.269,0.965,-1.652,1.33,-1.753,-0.74,0
0.829,0.423,0.606,-0.861,-0.439,-1.71,0
1.97,-0.053,-1.518,1.149,1.833,1.268,0
0.206,0.126,0.296,0.144,0.171,0.247,0.0
0.206,0.171,0.296,0.144,0.356,0.247,0.0
0.416,0.247,0.206,0.171,0.356,0.296,0.0
0.482,0.416,0.247,0.356,0.206,0.296,0.0
0.482,0.247,0.553,0.356,0.416,0.296,0.0
0.356,0.296,0.416,0.553,0.627,0.482,0.0
0.627,0.416,0.7,0.482,0.356,0.553,0.0
0.7,0.779,0.416,0.553,0.482,0.627,0.0
0.858,0.779,0.627,0.482,0.553,0.7,0.0
0.94,0.779,0.627,0.553,0.858,0.7,0.0
0.858,0.94,0.627,1.024,0.7,0.779,0.0
0.7,0.779,1.11,0.94,0.858,1.024,0.0
1.024,0.779,1.198,0.94,1.11,0.858,0.0
1.29,1.11,0.94,0.858,1.198,1.024,0.0
1.198,1.29,1.11,1.386,0.94,1.024,0.0
1.198,1.483,1.386,1.29,1.11,1.024,0.0
1.483,1.29,1.11,1.584,1.198,1.386,0.0
1.687,1.29,1.584,1.483,1.198,1.386,0.0
1.687,1.29,1.483,1.386,1.584,1.794,0.0
1.794,1.386,1.584,1.687,1.903,1.483,0.0
0.432,0.388,0.348,0.29,0.269,0.315,0.0
0.388,0.481,0.29,0.315,0.348,0.432,0.0
0.481,0.348,0.315,0.388,0.536,0.432,0.0
0.536,0.481,0.432,0.348,0.594,0.388,0.0
0.594,0.481,0.659,0.432,0.388,0.536,0.0
0.659,0.432,0.724,0.536,0.481,0.594,0.0
0.659,0.594,0.724,0.795,0.536,0.481,0.0
0.659,0.795,0.872,0.594,0.724,0.536,0.0
0.724,0.594,0.95,0.795,0.872,0.659,0.0
1.029,0.795,0.659,0.872,0.724,0.95,0.0
0.95,0.724,1.029,0.795,1.115,0.872,0.0
0.795,1.029,0.872,1.115,0.95,1.205,0.0
1.296,1.205,0.872,1.115,0.95,1.029,0.0
1.205,1.296,1.384,0.95,1.115,1.029,0.0
1.115,1.205,1.029,1.296,1.384,1.487,0.0
1.589,1.384,1.296,1.115,1.487,1.205,0.0
1.589,1.384,1.205,1.487,1.693,1.296,0.0
1.296,1.693,1.487,1.801,1.384,1.589,0.0
1.693,1.801,1.589,1.487,1.384,1.915,0.0
0.461,0.268,0.358,0.405,0.321,0.289,0.0
0.289,0.358,0.321,0.528,0.405,0.461,0.0
0.321,0.461,0.405,0.358,0.599,0.528,0.0
0.358,0.599,0.461,0.405,0.528,0.683,0.0
0.599,0.405,0.77,0.461,0.528,0.683,0.0
0.599,0.683,0.461,0.528,0.77,0.864,0.0
0.77,0.528,0.864,0.963,0.683,0.599,0.0
0.77,0.864,0.683,1.067,0.963,0.599,0.0
1.172,1.067,0.864,0.963,0.683,0.77,0.0
0.77,0.864,1.172,0.963,1.281,1.067,0.0
0.963,1.172,1.281,0.864,1.067,1.384,0.0
0.566,0.532,0.708,0.654,0.504,0.608,0.0
0.708,0.769,0.608,0.532,0.654,0.566,0.0
0.608,0.708,0.654,0.769,0.835,0.566,0.0
0.608,0.708,0.835,0.654,0.769,0.906,0.0
0.985,0.906,0.708,0.769,0.654,0.835,0.0
0.985,0.708,0.769,0.906,1.068,0.835,0.0
0.835,0.985,0.906,1.155,1.068,0.769,0.0
0.985,0.906,1.155,1.245,1.068,0.835,0.0
0.985,1.155,1.332,1.245,1.068,0.906,0.0
0.656,0.566,0.604,0.531,0.713,0.506,0.0
0.566,0.604,0.775,0.656,0.713,0.531,0.0
0.656,0.85,0.775,0.566,0.604,0.713,0.0
0.713,0.775,0.85,0.656,0.93,0.604,0.0
0.93,0.713,0.656,0.775,1.021,0.85,0.0
0.713,1.118,0.85,1.021,0.775,0.93,0.0
1.225,0.85,1.021,0.775,1.118,0.93,0.0
0.93,1.021,1.118,0.85,1.225,1.334,0.0
0.93,1.334,1.225,1.453,1.118,1.021,0.0
1.453,1.118,1.571,1.334,1.021,1.225,0.0
1.453,1.118,1.693,1.571,1.225,1.334,0.0
1.225,1.571,1.812,1.693,1.334,1.453,0.0
1.002,0.863,0.949,0.903,0.829,1.063,0.0
1.002,0.863,0.903,1.063,0.949,1.126,0.0
1.063,0.949,1.126,1.002,0.903,1.197,0.0
0.949,1.063,1.274,1.002,1.126,1.197,0.0
1.063,1.197,1.126,1.274,1.357,1.002,0.0
1.442,1.274,1.357,1.126,1.063,1.197,0.0
1.526,1.126,1.442,1.197,1.357,1.274,0.0
1.274,1.357,1.442,1.594,1.197,1.526,0.0
0.903,0.948,0.864,0.83,1.061,0.996,0.0
0.948,0.903,1.061,1.109,0.996,0.864,0.0
1.109,0.903,1.158,0.996,1.061,0.948,0.0
1.245,0.996,0.948,1.061,1.109,1.158,0.0
1.37,1.109,1.158,1.245,1.061,0.996,0.0
1.061,1.37,1.158,1.461,1.245,1.109,0.0
1.578,1.245,1.158,1.461,1.37,1.109,0.0
1.158,1.461,1.245,1.37,1.674,1.578,0.0
1.245,1.578,1.784,1.37,1.461,1.674,0.0
1.37,1.674,1.899,1.578,1.461,1.784,0.0
1.578,1.784,1.461,1.899,2.02,1.674,0.0
1.578,1.674,2.14,1.899,2.02,1.784,0.0
1.426,1.372,1.279,1.242,1.487,1.324,0.0
1.551,1.372,1.324,1.426,1.279,1.487,0.0
1.372,1.324,1.621,1.487,1.426,1.551,0.0
1.426,1.621,1.487,1.551,1.372,1.693,0.0
1.551,1.426,1.487,1.765,1.621,1.693,0.0
1.765,1.487,1.621,1.843,1.693,1.551,0.0
1.924,1.765,1.621,1.693,1.551,1.843,0.0
1.323,1.372,1.278,1.24,1.427,1.489,0.0
1.278,1.427,1.489,1.323,1.556,1.372,0.0
1.556,1.323,1.632,1.427,1.372,1.489,0.0
1.712,1.556,1.372,1.632,1.489,1.427,0.0
1.632,1.802,1.556,1.427,1.712,1.489,0.0
1.632,1.712,1.802,1.556,1.489,1.891,0.0
1.802,1.556,1.891,1.632,1.712,1.993,0.0
1.632,2.095,1.993,1.802,1.712,1.891,0.0
1.891,1.802,2.095,1.993,1.712,2.203,0.0
1.802,2.203,1.891,1.993,2.31,2.095,0.0
2.095,1.993,2.203,2.424,1.891,2.31,0.0
1.993,2.31,2.095,2.203,2.424,2.533,0.0
2.203,2.095,2.642,2.424,2.533,2.31,0.0
2.642,2.533,2.203,2.424,2.743,2.31,0.0
1.487,1.426,1.324,1.372,1.279,1.551,0.0
1.487,1.426,1.324,1.551,1.372,1.621,0.0
1.372,1.693,1.487,1.551,1.621,1.426,0.0
1.621,1.487,1.426,1.551,1.765,1.693,0.0
1.843,1.551,1.693,1.765,1.621,1.487,0.0
1.843,1.765,1.621,1.693,1.924,1.551,0.0
1.489,1.278,1.24,1.427,1.323,1.372,0.0
1.372,1.323,1.427,1.278,1.556,1.489,0.0
1.323,1.556,1.632,1.427,1.372,1.489,0.0
1.712,1.632,1.372,1.427,1.489,1.556,0.0
1.427,1.556,1.712,1.802,1.632,1.489,0.0
1.489,1.802,1.632,1.712,1.891,1.556,0.0
1.712,1.802,1.891,1.993,1.632,1.556,0.0
1.802,1.712,2.095,1.993,1.632,1.891,0.0
2.203,1.993,2.095,1.802,1.712,1.891,0.0
2.203,2.31,1.891,2.095,1.802,1.993,0.0
2.095,2.203,2.424,1.891,1.993,2.31,0.0
1.993,2.203,2.31,2.095,2.424,2.533,0.0
2.095,2.533,2.642,2.31,2.203,2.424,0.0
2.203,2.424,2.31,2.642,2.743,2.533,0.0
2.31,2.835,2.533,2.642,2.424,2.743,0.0
2.424,2.899,2.835,2.642,2.533,2.743,0.0
3.633,3.63,3.626,3.62,3.613,3.606,1
3.63,3.626,3.62,3.613,3.606,3.599,1
3.626,3.62,3.613,3.606,3.599,3.593,1
3.62,3.613,3.606,3.599,3.593,3.586,1
3.613,3.606,3.599,3.593,3.586,3.582,1
3.606,3.599,3.593,3.586,3.582,3.579,1
3.599,3.593,3.586,3.582,3.579,3.577,1
3.593,3.586,3.582,3.579,3.577,3.577,1
3.586,3.582,3.579,3.577,3.577,3.578,1
3.582,3.579,3.577,3.577,3.578,3.579,1
3.579,3.577,3.577,3.578,3.579,3.583,1
3.577,3.577,3.578,3.579,3.583,3.587,1
3.577,3.578,3.579,3.583,3.587,3.593,1
3.588,3.586,3.584,3.582,3.581,3.579,1
3.586,3.584,3.582,3.581,3.579,3.577,1
3.584,3.582,3.581,3.579,3.577,3.575,1
3.582,3.581,3.579,3.577,3.575,3.574,1
3.581,3.579,3.577,3.575,3.574,3.574,1
3.579,3.577,3.575,3.574,3.574,3.574,1
3.577,3.575,3.574,3.574,3.574,3.575,1
3.575,3.574,3.574,3.574,3.575,3.578,1
0.126,0.144,0.171,0.206,0.247,0.296,1.0
-0.296,-0.247,-0.206,-0.171,-0.144,-0.126,1.0
0.144,0.171,0.206,0.247,0.296,0.356,1.0
-0.356,-0.296,-0.247,-0.206,-0.171,-0.144,1.0
0.171,0.206,0.247,0.296,0.356,0.416,1.0
-0.416,-0.356,-0.296,-0.247,-0.206,-0.171,1.0
0.206,0.247,0.296,0.356,0.416,0.482,1.0
-0.482,-0.416,-0.356,-0.296,-0.247,-0.206,1.0
0.247,0.296,0.356,0.416,0.482,0.553,1.0
-0.553,-0.482,-0.416,-0.356,-0.296,-0.247,1.0
0.296,0.356,0.416,0.482,0.553,0.627,1.0
-0.627,-0.553,-0.482,-0.416,-0.356,-0.296,1.0
0.356,0.416,0.482,0.553,0.627,0.7,1.0
-0.7,-0.627,-0.553,-0.482,-0.416,-0.356,1.0
0.416,0.482,0.553,0.627,0.7,0.779,1.0
-0.779,-0.7,-0.627,-0.553,-0.482,-0.416,1.0
0.482,0.553,0.627,0.7,0.779,0.858,1.0
-0.858,-0.779,-0.7,-0.627,-0.553,-0.482,1.0
0.553,0.627,0.7,0.779,0.858,0.94,1.0
-0.94,-0.858,-0.779,-0.7,-0.627,-0.553,1.0
0.627,0.7,0.779,0.858,0.94,1.024,1.0
-1.024,-0.94,-0.858,-0.779,-0.7,-0.627,1.0
0.7,0.779,0.858,0.94,1.024,1.11,1.0
-1.11,-1.024,-0.94,-0.858,-0.779,-0.7,1.0
0.779,0.858,0.94,1.024,1.11,1.198,1.0
-1.198,-1.11,-1.024,-0.94,-0.858,-0.779,1.0
0.858,0.94,1.024,1.11,1.198,1.29,1.0
-1.29,-1.198,-1.11,-1.024,-0.94,-0.858,1.0
0.94,1.024,1.11,1.198,1.29,1.386,1.0
-1.386,-1.29,-1.198,-1.11,-1.024,-0.94,1.0
1.024,1.11,1.198,1.29,1.386,1.483,1.0
-1.483,-1.386,-1.29,-1.198,-1.11,-1.024,1.0
1.11,1.198,1.29,1.386,1.483,1.584,1.0
-1.584,-1.483,-1.386,-1.29,-1.198,-1.11,1.0
1.198,1.29,1.386,1.483,1.584,1.687,1.0
-1.687,-1.584,-1.483,-1.386,-1.29,-1.198,1.0
1.29,1.386,1.483,1.584,1.687,1.794,1.0
-1.794,-1.687,-1.584,-1.483,-1.386,-1.29,1.0
1.386,1.483,1.584,1.687,1.794,1.903,1.0
-1.903,-1.794,-1.687,-1.584,-1.483,-1.386,1.0
0.269,0.29,0.315,0.348,0.388,0.432,1.0
-0.432,-0.388,-0.348,-0.315,-0.29,-0.269,1.0
0.29,0.315,0.348,0.388,0.432,0.481,1.0
-0.481,-0.432,-0.388,-0.348,-0.315,-0.29,1.0
0.315,0.348,0.388,0.432,0.481,0.536,1.0
-0.536,-0.481,-0.432,-0.388,-0.348,-0.315,1.0
0.348,0.388,0.432,0.481,0.536,0.594,1.0
-0.594,-0.536,-0.481,-0.432,-0.388,-0.348,1.0
0.388,0.432,0.481,0.536,0.594,0.659,1.0
-0.659,-0.594,-0.536,-0.481,-0.432,-0.388,1.0
0.432,0.481,0.536,0.594,0.659,0.724,1.0
-0.724,-0.659,-0.594,-0.536,-0.481,-0.432,1.0
0.481,0.536,0.594,0.659,0.724,0.795,1.0
-0.795,-0.724,-0.659,-0.594,-0.536,-0.481,1.0
0.536,0.594,0.659,0.724,0.795,0.872,1.0
-0.872,-0.795,-0.724,-0.659,-0.594,-0.536,1.0
0.594,0.659,0.724,0.795,0.872,0.95,1.0
-0.95,-0.872,-0.795,-0.724,-0.659,-0.594,1.0
0.659,0.724,0.795,0.872,0.95,1.029,1.0
-1.029,-0.95,-0.872,-0.795,-0.724,-0.659,1.0
0.724,0.795,0.872,0.95,1.029,1.115,1.0
-1.115,-1.029,-0.95,-0.872,-0.795,-0.724,1.0
0.795,0.872,0.95,1.029,1.115,1.205,1.0
-1.205,-1.115,-1.029,-0.95,-0.872,-0.795,1.0
0.872,0.95,1.029,1.115,1.205,1.296,1.0
-1.296,-1.205,-1.115,-1.029,-0.95,-0.872,1.0
0.95,1.029,1.115,1.205,1.296,1.384,1.0
-1.384,-1.296,-1.205,-1.115,-1.029,-0.95,1.0
1.029,1.115,1.205,1.296,1.384,1.487,1.0
-1.487,-1.384,-1.296,-1.205,-1.115,-1.029,1.0
1.115,1.205,1.296,1.384,1.487,1.589,1.0
-1.589,-1.487,-1.384,-1.296,-1.205,-1.115,1.0
1.205,1.296,1.384,1.487,1.589,1.693,1.0
-1.693,-1.589,-1.487,-1.384,-1.296,-1.205,1.0
1.296,1.384,1.487,1.589,1.693,1.801,1.0
-1.801,-1.693,-1.589,-1.487,-1.384,-1.296,1.0
1.384,1.487,1.589,1.693,1.801,1.915,1.0
-1.915,-1.801,-1.693,-1.589,-1.487,-1.384,1.0
0.268,0.289,0.321,0.358,0.405,0.461,1.0
-0.461,-0.405,-0.358,-0.321,-0.289,-0.268,1.0
0.289,0.321,0.358,0.405,0.461,0.528,1.0
-0.528,-0.461,-0.405,-0.358,-0.321,-0.289,1.0
0.321,0.358,0.405,0.461,0.528,0.599,1.0
-0.599,-0.528,-0.461,-0.405,-0.358,-0.321,1.0
0.358,0.405,0.461,0.528,0.599,0.683,1.0
-0.683,-0.599,-0.528,-0.461,-0.405,-0.358,1.0
0.405,0.461,0.528,0.599,0.683,0.77,1.0
-0.77,-0.683,-0.599,-0.528,-0.461,-0.405,1.0
0.461,0.528,0.599,0.683,0.77,0.864,1.0
-0.864,-0.77,-0.683,-0.599,-0.528,-0.461,1.0
0.528,0.599,0.683,0.77,0.864,0.963,1.0
-0.963,-0.864,-0.77,-0.683,-0.599,-0.528,1.0
0.599,0.683,0.77,0.864,0.963,1.067,1.0
-1.067,-0.963,-0.864,-0.77,-0.683,-0.599,1.0
0.683,0.77,0.864,0.963,1.067,1.172,1.0
-1.172,-1.067,-0.963,-0.864,-0.77,-0.683,1.0
0.77,0.864,0.963,1.067,1.172,1.281,1.0
-1.281,-1.172,-1.067,-0.963,-0.864,-0.77,1.0
0.864,0.963,1.067,1.172,1.281,1.384,1.0
-1.384,-1.281,-1.172,-1.067,-0.963,-0.864,1.0
0.504,0.532,0.566,0.608,0.654,0.708,1.0
-0.708,-0.654,-0.608,-0.566,-0.532,-0.504,1.0
0.532,0.566,0.608,0.654,0.708,0.769,1.0
-0.769,-0.708,-0.654,-0.608,-0.566,-0.532,1.0
0.566,0.608,0.654,0.708,0.769,0.835,1.0
-0.835,-0.769,-0.708,-0.654,-0.608,-0.566,1.0
0.608,0.654,0.708,0.769,0.835,0.906,1.0
-0.906,-0.835,-0.769,-0.708,-0.654,-0.608,1.0
0.654,0.708,0.769,0.835,0.906,0.985,1.0
-0.985,-0.906,-0.835,-0.769,-0.708,-0.654,1.0
0.708,0.769,0.835,0.906,0.985,1.068,1.0
-1.068,-0.985,-0.906,-0.835,-0.769,-0.708,1.0
0.769,0.835,0.906,0.985,1.068,1.155,1.0
-1.155,-1.068,-0.985,-0.906,-0.835,-0.769,1.0
0.835,0.906,0.985,1.068,1.155,1.245,1.0
-1.245,-1.155,-1.068,-0.985,-0.906,-0.835,1.0
0.906,0.985,1.068,1.155,1.245,1.332,1.0
-1.332,-1.245,-1.155,-1.068,-0.985,-0.906,1.0
0.506,0.531,0.566,0.604,0.656,0.713,1.0
-0.713,-0.656,-0.604,-0.566,-0.531,-0.506,1.0
0.531,0.566,0.604,0.656,0.713,0.775,1.0
-0.775,-0.713,-0.656,-0.604,-0.566,-0.531,1.0
0.566,0.604,0.656,0.713,0.775,0.85,1.0
-0.85,-0.775,-0.713,-0.656,-0.604,-0.566,1.0
0.604,0.656,0.713,0.775,0.85,0.93,1.0
-0.93,-0.85,-0.775,-0.713,-0.656,-0.604,1.0
0.656,0.713,0.775,0.85,0.93,1.021,1.0
-1.021,-0.93,-0.85,-0.775,-0.713,-0.656,1.0
0.713,0.775,0.85,0.93,1.021,1.118,1.0
-1.118,-1.021,-0.93,-0.85,-0.775,-0.713,1.0
0.775,0.85,0.93,1.021,1.118,1.225,1.0
-1.225,-1.118,-1.021,-0.93,-0.85,-0.775,1.0
0.85,0.93,1.021,1.118,1.225,1.334,1.0
-1.334,-1.225,-1.118,-1.021,-0.93,-0.85,1.0
0.93,1.021,1.118,1.225,1.334,1.453,1.0
-1.453,-1.334,-1.225,-1.118,-1.021,-0.93,1.0
1.021,1.118,1.225,1.334,1.453,1.571,1.0
-1.571,-1.453,-1.334,-1.225,-1.118,-1.021,1.0
1.118,1.225,1.334,1.453,1.571,1.693,1.0
-1.693,-1.571,-1.453,-1.334,-1.225,-1.118,1.0
1.225,1.334,1.453,1.571,1.693,1.812,1.0
-1.812,-1.693,-1.571,-1.453,-1.334,-1.225,1.0
0.829,0.863,0.903,0.949,1.002,1.063,1.0
-1.063,-1.002,-0.949,-0.903,-0.863,-0.829,1.0
0.863,0.903,0.949,1.002,1.063,1.126,1.0
-1.126,-1.063,-1.002,-0.949,-0.903,-0.863,1.0
0.903,0.949,1.002,1.063,1.126,1.197,1.0
-1.197,-1.126,-1.063,-1.002,-0.949,-0.903,1.0
0.949,1.002,1.063,1.126,1.197,1.274,1.0
-1.274,-1.197,-1.126,-1.063,-1.002,-0.949,1.0
1.002,1.063,1.126,1.197,1.274,1.357,1.0
-1.357,-1.274,-1.197,-1.126,-1.063,-1.002,1.0
1.063,1.126,1.197,1.274,1.357,1.442,1.0
-1.442,-1.357,-1.274,-1.197,-1.126,-1.063,1.0
1.126,1.197,1.274,1.357,1.442,1.526,1.0
-1.526,-1.442,-1.357,-1.274,-1.197,-1.126,1.0
1.197,1.274,1.357,1.442,1.526,1.594,1.0
-1.594,-1.526,-1.442,-1.357,-1.274,-1.197,1.0
0.83,0.864,0.903,0.948,0.996,1.061,1.0
-1.061,-0.996,-0.948,-0.903,-0.864,-0.83,1.0
0.864,0.903,0.948,0.996,1.061,1.109,1.0
-1.109,-1.061,-0.996,-0.948,-0.903,-0.864,1.0
0.903,0.948,0.996,1.061,1.109,1.158,1.0
-1.158,-1.109,-1.061,-0.996,-0.948,-0.903,1.0
0.948,0.996,1.061,1.109,1.158,1.245,1.0
-1.245,-1.158,-1.109,-1.061,-0.996,-0.948,1.0
0.996,1.061,1.109,1.158,1.245,1.37,1.0
-1.37,-1.245,-1.158,-1.109,-1.061,-0.996,1.0
1.061,1.109,1.158,1.245,1.37,1.461,1.0
-1.461,-1.37,-1.245,-1.158,-1.109,-1.061,1.0
1.109,1.158,1.245,1.37,1.461,1.578,1.0
-1.578,-1.461,-1.37,-1.245,-1.158,-1.109,1.0
1.158,1.245,1.37,1.461,1.578,1.674,1.0
-1.674,-1.578,-1.461,-1.37,-1.245,-1.158,1.0
1.245,1.37,1.461,1.578,1.674,1.784,1.0
-1.784,-1.674,-1.578,-1.461,-1.37,-1.245,1.0
1.37,1.461,1.578,1.674,1.784,1.899,1.0
-1.899,-1.784,-1.674,-1.578,-1.461,-1.37,1.0
1.461,1.578,1.674,1.784,1.899,2.02,1.0
-2.02,-1.899,-1.784,-1.674,-1.578,-1.461,1.0
1.578,1.674,1.784,1.899,2.02,2.14,1.0
-2.14,-2.02,-1.899,-1.784,-1.674,-1.578,1.0
1.242,1.279,1.324,1.372,1.426,1.487,1.0
-1.487,-1.426,-1.372,-1.324,-1.279,-1.242,1.0
1.279,1.324,1.372,1.426,1.487,1.551,1.0
-1.551,-1.487,-1.426,-1.372,-1.324,-1.279,1.0
1.324,1.372,1.426,1.487,1.551,1.621,1.0
-1.621,-1.551,-1.487,-1.426,-1.372,-1.324,1.0
1.372,1.426,1.487,1.551,1.621,1.693,1.0
-1.693,-1.621,-1.551,-1.487,-1.426,-1.372,1.0
1.426,1.487,1.551,1.621,1.693,1.765,1.0
-1.765,-1.693,-1.621,-1.551,-1.487,-1.426,1.0
1.487,1.551,1.621,1.693,1.765,1.843,1.0
-1.843,-1.765,-1.693,-1.621,-1.551,-1.487,1.0
1.551,1.621,1.693,1.765,1.843,1.924,1.0
-1.924,-1.843,-1.765,-1.693,-1.621,-1.551,1.0
1.24,1.278,1.323,1.372,1.427,1.489,1.0
-1.489,-1.427,-1.372,-1.323,-1.278,-1.24,1.0
1.278,1.323,1.372,1.427,1.489,1.556,1.0
-1.556,-1.489,-1.427,-1.372,-1.323,-1.278,1.0
1.323,1.372,1.427,1.489,1.556,1.632,1.0
-1.632,-1.556,-1.489,-1.427,-1.372,-1.323,1.0
1.372,1.427,1.489,1.556,1.632,1.712,1.0
-1.712,-1.632,-1.556,-1.489,-1.427,-1.372,1.0
1.427,1.489,1.556,1.632,1.712,1.802,1.0
-1.802,-1.712,-1.632,-1.556,-1.489,-1.427,1.0
1.489,1.556,1.632,1.712,1.802,1.891,1.0
-1.891,-1.802,-1.712,-1.632,-1.556,-1.489,1.0
1.556,1.632,1.712,1.802,1.891,1.993,1.0
-1.993,-1.891,-1.802,-1.712,-1.632,-1.556,1.0
1.632,1.712,1.802,1.891,1.993,2.095,1.0
-2.095,-1.993,-1.891,-1.802,-1.712,-1.632,1.0
1.712,1.802,1.891,1.993,2.095,2.203,1.0
-2.203,-2.095,-1.993,-1.891,-1.802,-1.712,1.0
1.802,1.891,1.993,2.095,2.203,2.31,1.0
-2.31,-2.203,-2.095,-1.993,-1.891,-1.802,1.0
1.891,1.993,2.095,2.203,2.31,2.424,1.0
-2.424,-2.31,-2.203,-2.095,-1.993,-1.891,1.0
1.993,2.095,2.203,2.31,2.424,2.533,1.0
-2.533,-2.424,-2.31,-2.203,-2.095,-1.993,1.0
2.095,2.203,2.31,2.424,2.533,2.642,1.0
-2.642,-2.533,-2.424,-2.31,-2.203,-2.095,1.0
2.203,2.31,2.424,2.533,2.642,2.743,1.0
-2.743,-2.642,-2.533,-2.424,-2.31,-2.203,1.0
1.279,1.324,1.372,1.426,1.487,1.551,1.0
-1.551,-1.487,-1.426,-1.372,-1.324,-1.279,1.0
1.324,1.372,1.426,1.487,1.551,1.621,1.0
-1.621,-1.551,-1.487,-1.426,-1.372,-1.324,1.0
1.372,1.426,1.487,1.551,1.621,1.693,1.0
-1.693,-1.621,-1.551,-1.487,-1.426,-1.372,1.0
1.426,1.487,1.551,1.621,1.693,1.765,1.0
-1.765,-1.693,-1.621,-1.551,-1.487,-1.426,1.0
1.487,1.551,1.621,1.693,1.765,1.843,1.0
-1.843,-1.765,-1.693,-1.621,-1.551,-1.487,1.0
1.551,1.621,1.693,1.765,1.843,1.924,1.0
-1.924,-1.843,-1.765,-1.693,-1.621,-1.551,1.0
1.24,1.278,1.323,1.372,1.427,1.489,1.0
-1.489,-1.427,-1.372,-1.323,-1.278,-1.24,1.0
1.278,1.323,1.372,1.427,1.489,1.556,1.0
-1.556,-1.489,-1.427,-1.372,-1.323,-1.278,1.0
1.323,1.372,1.427,1.489,1.556,1.632,1.0
-1.632,-1.556,-1.489,-1.427,-1.372,-1.323,1.0
1.372,1.427,1.489,1.556,1.632,1.712,1.0
-1.712,-1.632,-1.556,-1.489,-1.427,-1.372,1.0
1.427,1.489,1.556,1.632,1.712,1.802,1.0
-1.802,-1.712,-1.632,-1.556,-1.489,-1.427,1.0
1.489,1.556,1.632,1.712,1.802,1.891,1.0
-1.891,-1.802,-1.712,-1.632,-1.556,-1.489,1.0
1.556,1.632,1.712,1.802,1.891,1.993,1.0
-1.993,-1.891,-1.802,-1.712,-1.632,-1.556,1.0
1.632,1.712,1.802,1.891,1.993,2.095,1.0
-2.095,-1.993,-1.891,-1.802,-1.712,-1.632,1.0
1.712,1.802,1.891,1.993,2.095,2.203,1.0
-2.203,-2.095,-1.993,-1.891,-1.802,-1.712,1.0
1.802,1.891,1.993,2.095,2.203,2.31,1.0
-2.31,-2.203,-2.095,-1.993,-1.891,-1.802,1.0
1.891,1.993,2.095,2.203,2.31,2.424,1.0
-2.424,-2.31,-2.203,-2.095,-1.993,-1.891,1.0
1.993,2.095,2.203,2.31,2.424,2.533,1.0
-2.533,-2.424,-2.31,-2.203,-2.095,-1.993,1.0
2.095,2.203,2.31,2.424,2.533,2.642,1.0
-2.642,-2.533,-2.424,-2.31,-2.203,-2.095,1.0
2.203,2.31,2.424,2.533,2.642,2.743,1.0
-2.743,-2.642,-2.533,-2.424,-2.31,-2.203,1.0
2.31,2.424,2.533,2.642,2.743,2.835,1.0
-2.835,-2.743,-2.642,-2.533,-2.424,-2.31,1.0
2.424,2.533,2.642,2.743,2.835,2.899,1.0
-2.899,-2.835,-2.743,-2.642,-2.533,-2.424,1.0
-0.31,-0.262,-0.194,-0.126,-0.056,0.017, 1.0
-0.262,-0.194,-0.126,-0.056,0.017,0.095, 1.0
-0.703,-0.695,-0.679,-0.663,-0.642,-0.612, 1.0
-0.695,-0.679,-0.663,-0.642,-0.612,-0.58, 1.0
-0.679,-0.663,-0.642,-0.612,-0.58,-0.544, 1.0
-0.663,-0.642,-0.612,-0.58,-0.544,-0.505, 1.0
-0.642,-0.612,-0.58,-0.544,-0.505,-0.461, 1.0
-0.612,-0.58,-0.544,-0.505,-0.461,-0.414, 1.0
-0.58,-0.544,-0.505,-0.461,-0.414,-0.363, 1.0
-0.7,-0.687,-0.666,-0.637,-0.605,-0.564, 1.0
-0.343,-0.274,-0.203,-0.123,-0.045,0.04, 1.0
-0.274,-0.203,-0.123,-0.045,0.04,0.127, 1.0
-0.203,-0.123,-0.045,0.04,0.127,0.221, 1.0

